Unnamed: 0,2025-10-09 11:00:00,2025-10-09 16:30:00,14.59,16.46,Unnamed: 5,Unnamed: 6,226.45,0.31,9.58,78.64,11.75,0.1,24.316666666666663,16.46.1,24.0,Good,16.0,9.0,3.0,10.0,13.53333333333333,15.29333333333333,219.10333333333327,0.2,8.476666666666668,79.03000000000002,11.326666666666664,0.0633333333333336,Unnamed: 29,Unnamed: 30,24.906666666666663,28.72125,318.69625,0.1929166666666666,10.61375,55.86375,8.772083333333333,0.8095833333333333,Unnamed: 39,Unnamed: 40,13.29,12.88,25.44,15.01,14.62,27.56,217.56,213.7,206.4,0.19,0.12,0.29,8.36,6.89,5.49,78.93,80.47,102.24,11.43,10.46,9.8,0.04,0.05,0.03,Unnamed: 65,Unnamed: 66,Unnamed: 67,Unnamed: 68,Unnamed: 69,Unnamed: 70,22.0,21.0,42.0,Unnamed: 74,Unnamed: 75,Unnamed: 76,timestamp,pm2_5,pm10,co,no2,o3,so2,nh3,temp,humidity,aqi
1760011200.0,2025-10-09 12:00:00,2025-10-09 17:30:00,15.6,17.61,,,237.26,0.17,11.4,77.17,11.62,0.23,26.0,17.61,26.0,Good,17.0,9.0,3.0,10.0,14.49333333333333,16.359999999999996,227.09,0.2233333333333334,9.78,78.24666666666668,11.6,0.1233333333333336,,,24.61375,28.420416666666668,319.6166666666667,0.1945833333333333,10.780833333333334,55.08041666666667,8.8675,0.8145833333333333,,,14.59,12.72,22.63,16.46,14.41,24.83,226.45,213.3,215.17,0.31,0.1,0.13,9.58,7.49,7.39,78.64,79.52,95.97,11.75,10.8,9.33,0.1,0.05,0.11,,,,,,,24.0,21.0,38.0,,,,,,,,,,,,,,
1760014800.0,2025-10-09 13:00:00,2025-10-09 18:30:00,16.52,19.04,,,255.29,0.0,13.31,71.89,10.39,0.6,27.53333333333333,19.04,28.0,Good,18.0,9.0,3.0,10.0,15.569999999999997,17.70333333333333,239.66666666666663,0.16,11.43,75.89999999999999,11.25333333333333,0.3100000000000003,,,24.46375,28.27291666666667,320.7191666666667,0.1945833333333333,10.956666666666663,54.46458333333334,8.907916666666667,0.8220833333333334,,,15.6,13.29,20.12,17.61,15.01,22.58,237.26,217.56,228.83,0.17,0.19,0.0,11.4,8.36,9.09,77.17,78.93,86.67,11.62,11.43,9.42,0.23,0.04,0.42,,,,,,,26.0,22.0,34.0,,,,,,,,,,,,,,
1760018400.0,2025-10-09 14:00:00,2025-10-09 19:30:00,17.61,21.11,,,281.58,0.0,14.48,66.06,9.12,1.21,29.35,21.11,29.0,Good,19.0,9.0,3.0,10.0,16.57666666666666,19.253333333333327,258.0433333333333,0.0566666666666667,13.063333333333338,71.70666666666666,10.376666666666663,0.6800000000000003,,,24.4075,28.23375,322.0516666666667,0.1945833333333333,11.124583333333334,54.005,8.847916666666666,0.8391666666666667,,,16.52,14.59,18.96,19.04,16.46,22.05,255.29,226.45,249.6,0.0,0.31,0.0,13.31,9.58,10.45,71.89,78.64,77.09,10.39,11.75,10.56,0.6,0.1,0.8,,,,,,,28.0,24.0,32.0,,,,,,,,,,,,,,
1760022000.0,2025-10-09 15:00:00,2025-10-09 20:30:00,18.61,23.13,,,304.96,0.0,14.77,60.86,8.18,1.62,31.016666666666666,23.13,31.0,Good,20.0,9.0,3.0,10.0,17.579999999999995,21.09333333333333,280.61,0.0,14.186666666666667,66.27,9.229999999999997,1.1433333333333338,,,24.402500000000003,28.262916666666666,323.4866666666667,0.1945833333333333,11.261666666666663,53.672083333333326,8.664583333333335,0.8633333333333333,,,17.61,15.6,18.73,21.11,17.61,22.43,281.58,237.26,270.52,0.0,0.17,0.0,14.48,11.4,11.48,66.06,77.17,68.85,9.12,11.62,12.58,1.21,0.23,1.04,,,,,,,29.0,26.0,31.0,,,,,,,,,,,,,,
1760025600.0,2025-10-09 16:00:00,2025-10-09 21:30:00,19.34,24.25,,,321.61,0.0,14.36,56.18,11.32,1.64,32.233333333333334,24.25,32.0,Good,21.0,9.0,3.0,10.0,18.52,22.829999999999995,302.7166666666667,0.0,14.536666666666669,61.03333333333334,9.539999999999996,1.4900000000000002,,,24.40333333333333,28.29583333333333,324.62333333333333,0.1945833333333333,11.3425,53.54750000000001,8.627916666666666,0.8808333333333334,,,18.61,16.52,19.32,23.13,19.04,23.46,304.96,255.29,294.33,0.0,0.0,0.0,14.77,13.31,12.42,60.86,71.89,59.17,8.18,10.39,12.2,1.62,0.6,1.22,,,,,,,31.0,28.0,32.0,,,,,,,,,,,,,,
1760029200.0,2025-10-09 17:00:00,2025-10-09 22:30:00,20.53,25.67,,,342.74,0.0,14.24,51.45,13.87,1.49,34.21666666666667,25.67,34.0,Good,22.0,9.0,3.0,10.0,19.49333333333333,24.349999999999994,323.1033333333333,0.0,14.456666666666669,56.16333333333333,11.12333333333333,1.5833333333333337,,,24.367083333333337,28.262083333333337,324.92749999999995,0.1945833333333333,11.35875,53.640416666666674,8.755,0.8825,,,19.34,17.61,21.4,24.25,21.11,26.48,321.61,281.58,335.44,0.0,0.0,0.0,14.36,14.48,13.85,56.18,66.06,49.22,11.32,9.12,10.82,1.64,1.21,1.45,,,,,,,32.0,29.0,36.0,,,,,,,,,,,,,,
1760032800.0,2025-10-09 18:00:00,2025-10-09 23:30:00,21.87,26.67,,,361.35,0.0,14.45,46.18,15.24,1.16,36.45,26.67,36.0,Good,23.0,9.0,3.0,10.0,20.579999999999995,25.53,341.90000000000003,0.0,14.35,51.27,13.476666666666665,1.4300000000000004,,,24.27875,28.13583333333333,324.46708333333333,0.1945833333333333,11.329583333333332,53.86166666666667,8.989166666666668,0.8679166666666666,,,20.53,18.61,23.99,25.67,23.13,29.7,342.74,304.96,372.4,0.0,0.0,0.0,14.24,14.77,15.15,51.45,60.86,40.87,13.87,8.18,9.62,1.49,1.62,1.51,,,,,,,34.0,31.0,40.0,,,,,,,,,,,,,,
1760036400.0,2025-10-09 19:00:00,2025-10-10 00:30:00,22.94,26.48,,,372.14,0.0,14.48,39.16,15.69,0.76,38.23333333333333,26.48,38.0,Good,0.0,10.0,4.0,10.0,21.78,26.27333333333333,358.74333333333334,0.0,14.39,45.59666666666667,14.933333333333332,1.136666666666667,,,24.12625,27.90041666666667,323.73,0.1945833333333333,11.292916666666668,54.05833333333333,9.308333333333334,0.8420833333333334,,,21.87,19.34,26.6,26.67,24.25,32.13,361.35,321.61,389.83,0.0,0.0,0.0,14.45,14.36,15.36,46.18,56.18,34.44,15.24,11.32,8.03,1.16,1.64,1.38,,,,,,,36.0,32.0,44.0,,,,,,,,,,,,,,
1760040000.0,2025-10-09 20:00:00,2025-10-10 01:30:00,24.25,27.01,,,387.84,0.0,14.34,33.04,14.99,0.63,40.41666666666667,27.01,40.0,Good,1.0,10.0,4.0,10.0,23.02,26.72,373.7766666666666,0.0,14.423333333333334,39.46000000000001,15.306666666666665,0.8500000000000002,,,23.91208333333333,27.58666666666667,323.31916666666666,0.1945833333333333,11.284999999999998,54.144166666666656,9.644166666666663,0.8174999999999999,,,22.94,20.53,29.39,26.48,25.67,34.54,372.14,342.74,397.7,0.0,0.0,0.0,14.48,14.24,14.53,39.16,51.45,30.98,15.69,13.87,6.93,0.76,1.49,1.22,,,,,,,38.0,34.0,49.0,,,,,,,,,,,,,,
1760043600.0,2025-10-09 21:00:00,2025-10-10 02:30:00,25.19,27.5,,,397.88,0.0,13.87,29.1,13.65,0.59,41.98333333333333,27.5,42.0,Good,2.0,10.0,4.0,10.0,24.126666666666665,26.996666666666663,385.9533333333333,0.0,14.230000000000002,33.76666666666667,14.776666666666664,0.6600000000000003,,,23.620416666666667,27.19125,323.25791666666663,0.1945833333333333,11.313333333333333,54.12125,9.945,0.7983333333333333,,,24.25,21.87,32.19,27.01,26.67,36.99,387.84,361.35,399.35,0.0,0.0,0.0,14.34,14.45,13.19,33.04,46.18,29.65,14.99,15.24,6.43,0.63,1.16,1.05,,,,,,,40.0,36.0,53.0,,,,,,,,,,,,,,
1760047200.0,2025-10-09 22:00:00,2025-10-10 03:30:00,26.37,28.74,,,407.61,0.0,13.29,25.53,10.62,0.73,43.95,28.74,44.0,Good,3.0,10.0,4.0,10.0,25.27,27.75,397.7766666666666,0.0,13.833333333333334,29.22333333333334,13.086666666666664,0.6500000000000002,,,23.26666666666667,26.743333333333336,323.44458333333336,0.1945833333333333,11.369166666666668,54.000416666666666,10.15625,0.7862499999999999,,,25.19,22.94,34.86,27.5,26.48,39.49,397.88,372.14,403.13,0.0,0.0,0.0,13.87,14.48,11.95,29.1,39.16,28.43,13.65,15.69,5.55,0.59,0.76,1.02,,,,,,,42.0,38.0,58.0,,,,,,,,,,,,,,
1760050800.0,2025-10-09 23:00:00,2025-10-10 04:30:00,27.5,30.13,,,419.52,0.01,12.64,21.94,7.84,0.98,45.833333333333336,30.13,46.0,Good,4.0,10.0,4.0,10.0,26.353333333333328,28.789999999999992,408.3366666666666,0.0033333333333334,13.266666666666667,25.52333333333334,10.703333333333331,0.7666666666666669,,,22.87,26.260416666666668,323.6708333333333,0.1945833333333333,11.435833333333331,53.82750000000001,10.30875,0.7783333333333333,,,26.37,24.25,37.02,28.74,27.01,41.72,407.61,387.84,414.09,0.0,0.0,0.01,13.29,14.34,11.04,25.53,33.04,26.09,10.62,14.99,4.18,0.73,0.63,1.17,,,,,,,44.0,40.0,61.0,,,,,,,,,,,,,,
1760054400.0,2025-10-10 00:00:00,2025-10-10 05:30:00,28.19,31.07,,,430.37,0.02,12.17,19.35,6.12,1.26,46.98333333333333,31.07,47.0,Good,5.0,10.0,4.0,10.0,27.353333333333328,29.98,419.1666666666667,0.01,12.700000000000005,22.27333333333334,8.19333333333333,0.9900000000000002,,,22.43375,25.741250000000004,323.8625,0.1945833333333333,11.505,53.62166666666667,10.4275,0.7754166666666666,,,27.5,25.19,38.66,30.13,27.5,43.53,419.52,397.88,425.77,0.01,0.0,0.02,12.64,13.87,10.51,21.94,29.1,24.29,7.84,13.65,3.27,0.98,0.59,1.33,,,,,,,46.0,42.0,64.0,,,,,,,,,,,,,,
1760058000.0,2025-10-10 01:00:00,2025-10-10 06:30:00,28.51,31.89,,,444.86,0.06,12.32,17.23,5.07,1.5,47.51666666666667,31.89,48.0,Good,6.0,10.0,4.0,10.0,28.066666666666663,31.03,431.5833333333333,0.03,12.37666666666667,19.50666666666667,6.343333333333331,1.246666666666667,,,21.974166666666665,25.204166666666666,324.0566666666667,0.19375,11.57125,53.40166666666667,10.519166666666669,0.775,,,28.19,26.37,39.54,31.07,28.74,44.78,430.37,407.61,440.2,0.02,0.0,0.08,12.17,13.29,10.73,19.35,25.53,22.51,6.12,10.62,2.87,1.26,0.73,1.51,,,,,,,47.0,44.0,65.0,,,,,,,,,,,,,,
1760061600.0,2025-10-10 02:00:00,2025-10-10 07:30:00,28.83,33.51,,,474.86,0.95,11.89,17.78,4.55,1.51,48.05,33.51,48.0,Good,7.0,10.0,4.0,10.0,28.509999999999994,32.15666666666666,450.03,0.3433333333333334,12.12666666666667,18.120000000000005,5.246666666666664,1.4233333333333338,,,21.5,24.65958333333333,324.03416666666664,0.19375,11.58875,53.23499999999999,10.58,0.7633333333333333,,,28.51,27.5,40.21,31.89,30.13,46.58,444.86,419.52,475.4,0.06,0.01,0.95,12.32,12.64,11.47,17.23,21.94,21.78,5.07,7.84,3.09,1.5,0.98,1.79,,,,,,,48.0,46.0,67.0,,,,,,,,,,,,,,
1760065200.0,2025-10-10 03:00:00,2025-10-10 08:30:00,28.47,34.03,,,495.23,0.95,11.12,24.51,4.37,1.44,47.45,34.03,47.0,Good,8.0,10.0,4.0,10.0,28.603333333333328,33.143333333333324,471.65,0.6533333333333333,11.776666666666667,19.840000000000007,4.663333333333331,1.4833333333333336,,,20.984583333333333,24.07375,323.4783333333333,0.1937499999999999,11.5475,53.1875,10.614583333333334,0.7391666666666666,,,28.83,28.19,40.84,33.51,31.07,48.09,474.86,430.37,508.57,0.95,0.02,0.95,11.89,12.17,12.11,17.78,19.35,25.65,4.55,6.12,3.54,1.51,1.26,2.02,,,,,,,48.0,47.0,68.0,,,,,,,,,,,,,,
1760068800.0,2025-10-10 04:00:00,2025-10-10 09:30:00,20.86,24.35,,,356.73,0.95,9.76,53.36,8.41,0.34,34.766666666666666,24.35,35.0,Good,9.0,10.0,4.0,10.0,26.053333333333327,30.629999999999995,442.27333333333337,0.95,10.923333333333334,31.88333333333334,5.776666666666665,1.096666666666667,,,20.602916666666665,23.702916666666667,326.4825,0.1991666666666667,11.53,52.629583333333336,10.386666666666668,0.7516666666666666,,,28.47,28.51,30.02,34.03,31.89,33.25,495.23,444.86,284.63,0.95,0.06,0.82,11.12,12.32,10.18,24.51,17.23,66.75,4.37,5.07,13.88,1.44,1.5,0.04,,,,,,,47.0,48.0,33.0,,,,,,,,,,,,,,
1760072400.0,2025-10-10 05:00:00,2025-10-10 10:30:00,18.68,22.2,,,328.38,0.83,9.14,61.72,9.58,0.37,31.133333333333333,22.2,31.0,Good,10.0,10.0,4.0,10.0,22.66999999999999,26.86,393.4466666666667,0.91,10.006666666666668,46.53000000000001,7.45333333333333,0.7166666666666669,,,20.56,23.707083333333333,330.4066666666667,0.215,11.579999999999998,52.06458333333334,10.278333333333334,0.7658333333333335,,,20.86,28.83,19.71,24.35,33.51,22.1,356.73,474.86,234.2,0.95,0.95,0.45,9.76,11.89,7.94,53.36,17.78,75.28,8.41,4.55,12.18,0.34,1.51,0.03,,,,,,,35.0,48.0,33.0,,,,,,,,,,,,,,
1760076000.0,2025-10-10 06:00:00,2025-10-10 11:30:00,19.23,22.96,,,324.07,0.71,8.92,66.69,10.55,0.46,32.050000000000004,22.96,32.0,Good,11.0,10.0,4.0,10.0,19.59,23.17,336.3933333333334,0.8300000000000001,9.273333333333335,60.59,9.51333333333333,0.3900000000000003,,,20.692083333333333,23.906666666666663,334.685,0.2312499999999999,11.662916666666666,51.57,10.257916666666668,0.78375,,,18.68,28.47,16.06,22.2,34.03,18.17,328.38,495.23,221.39,0.83,0.95,0.32,9.14,11.12,6.93,61.72,24.51,78.56,9.58,4.37,11.04,0.37,1.44,0.03,,,,,,,31.0,47.0,27.0,,,,,,,,,,,,,,
1760079600.0,2025-10-10 07:00:00,2025-10-10 12:30:00,18.36,21.51,,,309.19,0.43,8.13,73.49,10.13,0.37,30.6,21.51,31.0,Good,12.0,10.0,4.0,10.0,18.75666666666666,22.22333333333333,320.5466666666667,0.6566666666666667,8.730000000000002,67.30000000000001,10.086666666666664,0.4000000000000003,,,20.8725,24.14,338.52000000000004,0.2416666666666666,11.725,51.26041666666666,10.239583333333334,0.7970833333333333,,,19.23,20.86,14.03,22.96,24.35,15.91,324.07,356.73,217.15,0.71,0.95,0.18,8.92,9.76,6.64,66.69,53.36,80.92,10.55,8.41,10.57,0.46,0.34,0.05,,,,,,,32.0,35.0,23.0,,,,,,,,,,,,,,
1760083200.0,2025-10-10 08:00:00,2025-10-10 13:30:00,17.15,19.59,,,292.94,0.27,7.37,77.69,8.89,0.29,28.58333333333333,19.59,29.0,Good,13.0,10.0,4.0,10.0,18.246666666666663,21.353333333333328,308.7333333333333,0.47,8.140000000000002,72.62333333333333,9.856666666666664,0.3733333333333337,,,21.050416666666667,24.34708333333333,341.8216666666667,0.2479166666666666,11.745,51.14458333333334,10.174166666666666,0.8070833333333333,,,18.36,18.68,12.88,21.51,22.2,14.62,309.19,328.38,213.7,0.43,0.83,0.12,8.13,9.14,6.89,73.49,61.72,80.47,10.13,9.58,10.46,0.37,0.37,0.05,,,,,,,31.0,31.0,21.0,,,,,,,,,,,,,,
1760086800.0,2025-10-10 09:00:00,2025-10-10 14:30:00,18.09,20.15,,,288.19,0.2,7.34,80.12,8.48,0.21,30.15,20.15,30.0,Good,14.0,10.0,4.0,10.0,17.86666666666666,20.41666666666666,296.77333333333337,0.3000000000000001,7.613333333333336,77.10000000000001,9.166666666666666,0.2900000000000003,,,21.274166666666662,24.58625,344.94208333333336,0.2520833333333333,11.73875,51.16958333333333,10.0775,0.8137499999999999,,,17.15,19.23,12.72,19.59,22.96,14.41,292.94,324.07,213.3,0.27,0.71,0.1,7.37,8.92,7.49,77.69,66.69,79.52,8.89,10.55,10.8,0.29,0.46,0.05,,,,,,,29.0,32.0,21.0,,,,,,,,,,,,,,
1760090400.0,2025-10-10 10:00:00,2025-10-10 15:30:00,21.13,23.14,,,293.8,0.14,8.31,80.09,8.76,0.14,35.21666666666667,23.14,35.0,Good,15.0,10.0,4.0,10.0,18.79,20.96,291.6433333333334,0.2033333333333334,7.673333333333335,79.30000000000001,8.709999999999999,0.2133333333333336,,,21.60083333333333,24.925,348.11875000000003,0.25,11.736666666666666,51.21791666666667,9.96625,0.8179166666666666,,,18.09,18.36,13.29,20.15,21.51,15.01,288.19,309.19,217.56,0.2,0.43,0.19,7.34,8.13,8.36,80.12,73.49,78.93,8.48,10.13,11.43,0.21,0.37,0.04,,,,,,,30.0,31.0,22.0,,,,,,,,,,,,,,
1760094000.0,2025-10-10 11:00:00,2025-10-10 16:30:00,25.22,27.53,,,309.88,0.11,10.6,76.76,9.69,0.14,42.03333333333333,27.53,42.0,Good,16.0,10.0,4.0,10.0,21.48,23.60666666666666,297.29,0.15,8.750000000000002,78.99000000000001,8.976666666666665,0.1633333333333336,,,22.04375,25.386250000000004,351.595,0.2416666666666666,11.779166666666669,51.13958333333334,9.880416666666669,0.8195833333333334,,,21.13,17.15,14.59,23.14,19.59,16.46,293.8,292.94,226.45,0.14,0.27,0.31,8.31,7.37,9.58,80.09,77.69,78.64,8.76,8.89,11.75,0.14,0.29,0.1,,,,,,,35.0,29.0,24.0,,,,,,,,,,,,,,
1760097600.0,2025-10-10 12:00:00,2025-10-10 17:30:00,28.22,30.86,,,327.62,0.04,13.74,71.88,10.82,0.14,47.03333333333333,30.86,47.0,Good,17.0,10.0,4.0,10.0,24.85666666666666,27.176666666666662,310.43333333333334,0.0966666666666667,10.883333333333336,76.24333333333334,9.756666666666664,0.14,,,22.56958333333333,25.938333333333333,355.36,0.23625,11.876666666666669,50.91916666666666,9.847083333333332,0.8158333333333334,,,25.22,18.09,15.6,27.53,20.15,17.61,309.88,288.19,237.26,0.11,0.2,0.17,10.6,7.34,11.4,76.76,80.12,77.17,9.69,8.48,11.62,0.14,0.21,0.23,,,,,,,42.0,30.0,26.0,,,,,,,,,,,,,,
1760101200.0,2025-10-10 13:00:00,2025-10-10 18:30:00,30.44,33.67,,,352.17,0.0,16.96,64.58,11.77,0.37,52.41931034482759,33.67,34.0,Good,18.0,10.0,4.0,10.0,27.96,30.686666666666664,329.89000000000004,0.05,13.766666666666673,71.07333333333334,10.759999999999996,0.2166666666666669,,,23.149583333333336,26.547916666666666,359.3966666666667,0.23625,12.02875,50.614583333333336,9.904583333333331,0.8062499999999999,,,28.22,21.13,16.52,30.86,23.14,19.04,327.62,293.8,255.29,0.04,0.14,0.0,13.74,8.31,13.31,71.88,80.09,71.89,10.82,8.76,10.39,0.14,0.14,0.6,,,,,,,47.0,35.0,28.0,,,,,,,,,,,,,,
1760104800.0,2025-10-10 14:00:00,2025-10-10 19:30:00,31.84,35.96,,,379.55,0.0,19.18,56.24,12.57,0.79,52.41931034482759,35.96,52.0,Satisfactory,19.0,10.0,4.0,10.0,30.16666666666666,33.49666666666666,353.1133333333333,0.0133333333333334,16.62666666666667,64.23333333333333,11.72,0.4333333333333336,,,23.7425,27.16666666666667,363.4787500000001,0.23625,12.224583333333332,50.20541666666667,10.048333333333334,0.78875,,,30.44,25.22,17.61,33.67,27.53,21.11,352.17,309.88,281.58,0.0,0.11,0.0,16.96,10.6,14.48,64.58,76.76,66.06,11.77,9.69,9.12,0.37,0.14,1.21,,,,,,,34.0,42.0,29.0,,,,,,,,,,,,,,
1760108400.0,2025-10-10 15:00:00,2025-10-10 20:30:00,32.21,37.18,,,401.34,0.0,20.51,47.89,13.22,1.09,53.04448275862069,37.18,53.0,Satisfactory,20.0,10.0,4.0,10.0,31.49666666666666,35.60333333333333,377.68666666666667,0.0,18.883333333333336,56.23666666666667,12.519999999999998,0.7500000000000003,,,24.309166666666663,27.75208333333333,367.4945833333333,0.23625,12.46375,49.665,10.258333333333333,0.7666666666666667,,,31.84,28.22,18.61,35.96,30.86,23.13,379.55,327.62,304.96,0.0,0.04,0.0,19.18,13.74,14.77,56.24,71.88,60.86,12.57,10.82,8.18,0.79,0.14,1.62,,,,,,,52.0,47.0,31.0,,,,,,,,,,,,,,
1760112000.0,2025-10-10 16:00:00,2025-10-10 21:30:00,31.85,37.31,,,417.55,0.01,21.16,40.02,14.28,1.19,52.43620689655173,37.31,52.0,Satisfactory,21.0,10.0,4.0,10.0,31.966666666666665,36.81666666666666,399.48,0.0033333333333334,20.28333333333333,48.05000000000001,13.356666666666664,1.0233333333333337,,,24.830416666666668,28.29625,371.4920833333333,0.2366666666666666,12.747083333333334,48.99166666666667,10.381666666666666,0.7479166666666667,,,32.21,30.44,19.34,37.18,33.67,24.25,401.34,352.17,321.61,0.0,0.0,0.0,20.51,16.96,14.36,47.89,64.58,56.18,13.22,11.77,11.32,1.09,0.37,1.64,,,,,,,53.0,34.0,32.0,,,,,,,,,,,,,,
1760115600.0,2025-10-10 17:00:00,2025-10-10 22:30:00,32.58,38.49,,,446.52,0.01,22.325000000000003,32.54,15.52,1.3,53.66965517241379,38.49,54.0,Satisfactory,22.0,10.0,4.0,10.0,32.21333333333333,37.66,421.8033333333333,0.0066666666666667,21.331666666666667,40.150000000000006,14.339999999999998,1.1933333333333336,,,25.3325,28.830416666666665,375.81625,0.2370833333333333,13.083958333333332,48.20374999999999,10.450416666666667,0.7399999999999999,,,31.85,31.84,20.53,37.31,35.96,25.67,417.55,379.55,342.74,0.01,0.0,0.0,21.16,19.18,14.24,40.02,56.24,51.45,14.28,12.57,13.87,1.19,0.79,1.49,,,,,,,52.0,52.0,34.0,,,,,,,,,,,,,,
1760119200.0,2025-10-10 18:00:00,2025-10-10 23:30:00,33.86,39.55,,,467.2,0.01,22.325000000000003,26.23,16.025000000000002,1.27,55.83241379310345,39.55,56.0,Satisfactory,23.0,10.0,4.0,10.0,32.76333333333333,38.45,443.75666666666666,0.01,21.93666666666667,32.93000000000001,15.275,1.2533333333333336,,,25.83208333333333,29.367083333333337,380.2266666666667,0.2375,13.412083333333335,47.3725,10.483125,0.7445833333333334,,,32.58,32.21,21.87,38.49,37.18,26.67,446.52,401.34,361.35,0.01,0.0,0.0,22.325000000000003,20.51,14.45,32.54,47.89,46.18,15.52,13.22,15.24,1.3,1.09,1.16,,,,,,,54.0,53.0,36.0,,,,,,,,,,,,,,
1760122800.0,2025-10-10 19:00:00,2025-10-11 00:30:00,35.19,39.86,,,459.35,0.01,22.325000000000003,21.34,16.025000000000002,1.0,58.07965517241379,39.86,58.0,Satisfactory,0.0,11.0,5.0,10.0,33.87666666666666,39.29999999999999,457.69000000000005,0.01,22.325000000000003,26.703333333333337,15.856666666666664,1.1900000000000004,,,26.3425,29.92458333333333,383.86041666666665,0.2379166666666666,13.738958333333334,46.63,10.497083333333334,0.7545833333333333,,,33.86,31.85,22.94,39.55,37.31,26.48,467.2,417.55,372.14,0.01,0.01,0.0,22.325000000000003,21.16,14.48,26.23,40.02,39.16,16.025000000000002,14.28,15.69,1.27,1.19,0.76,,,,,,,56.0,52.0,38.0,,,,,,,,,,,,,,
1760126400.0,2025-10-10 20:00:00,2025-10-11 01:30:00,36.23,40.06,,,454.04,0.01,22.325000000000003,17.35,14.54,0.63,59.83689655172413,40.06,60.0,Satisfactory,1.0,11.0,5.0,10.0,35.09333333333333,39.82333333333332,460.1966666666667,0.01,22.325000000000003,21.640000000000004,15.53,0.9666666666666668,,,26.84166666666667,30.468333333333334,386.61875,0.2383333333333333,14.071666666666667,45.97625,10.478333333333332,0.7545833333333335,,,35.19,32.58,24.25,39.86,38.49,27.01,459.35,446.52,387.84,0.01,0.01,0.0,22.325000000000003,22.325000000000003,14.34,21.34,32.54,33.04,16.025000000000002,15.52,14.99,1.0,1.3,0.63,,,,,,,58.0,54.0,40.0,,,,,,,,,,,,,,
1760130000.0,2025-10-10 21:00:00,2025-10-11 02:30:00,36.78,39.99,,,448.26,0.01,22.325000000000003,14.33,12.63,0.34,60.76620689655172,39.99,61.0,Satisfactory,2.0,11.0,5.0,10.0,36.06666666666666,39.97,453.8833333333334,0.01,22.325000000000003,17.673333333333336,14.398333333333332,0.656666666666667,,,27.324583333333333,30.98875,388.71791666666667,0.23875,14.423958333333331,45.360833333333325,10.435833333333331,0.7441666666666668,,,36.23,33.86,25.19,40.06,39.55,27.5,454.04,467.2,397.88,0.01,0.01,0.0,22.325000000000003,22.325000000000003,13.87,17.35,26.23,29.1,14.54,16.025000000000002,13.65,0.63,1.27,0.59,,,,,,,60.0,56.0,42.0,,,,,,,,,,,,,,
1760133600.0,2025-10-10 22:00:00,2025-10-11 03:30:00,37.05,39.91,,,443.79,0.02,22.325000000000003,11.87,10.49,0.33,61.22241379310344,39.91,61.0,Satisfactory,3.0,11.0,5.0,10.0,36.68666666666666,39.98666666666666,448.6966666666667,0.0133333333333334,22.325000000000003,14.516666666666673,12.553333333333333,0.4333333333333336,,,27.76958333333333,31.454166666666666,390.22541666666666,0.2395833333333333,14.800416666666669,44.79166666666666,10.430416666666668,0.7275,,,36.78,35.19,26.37,39.99,39.86,28.74,448.26,459.35,407.61,0.01,0.01,0.0,22.325000000000003,22.325000000000003,13.29,14.33,21.34,25.53,12.63,16.025000000000002,10.62,0.34,1.0,0.73,,,,,,,61.0,58.0,44.0,,,,,,,,,,,,,,
1760137200.0,2025-10-10 23:00:00,2025-10-11 04:30:00,36.86,39.61,,,442.75,0.04,22.325000000000003,10.19,8.53,0.54,60.90137931034483,39.61,61.0,Satisfactory,4.0,11.0,5.0,10.0,36.89666666666667,39.83666666666666,444.9333333333334,0.0233333333333334,22.325000000000003,12.130000000000004,10.549999999999995,0.4033333333333336,,,28.15958333333333,31.849166666666665,391.1933333333333,0.2408333333333333,15.203958333333334,44.302083333333336,10.459166666666668,0.7091666666666666,,,37.05,36.23,27.5,39.91,40.06,30.13,443.79,454.04,419.52,0.02,0.01,0.01,22.325000000000003,22.325000000000003,12.64,11.87,17.35,21.94,10.49,14.54,7.84,0.33,0.63,0.98,,,,,,,61.0,60.0,46.0,,,,,,,,,,,,,,
1760140800.0,2025-10-11 00:00:00,2025-10-11 05:30:00,36.2,38.91,,,442.19,0.06,21.85,9.34,7.19,0.72,59.78620689655173,38.91,60.0,Satisfactory,5.0,11.0,5.0,10.0,36.703333333333326,39.47666666666666,442.91,0.04,22.16666666666667,10.46666666666667,8.736666666666663,0.5300000000000002,,,28.493333333333336,32.17583333333334,391.6858333333334,0.2424999999999999,15.607291666666669,43.885,10.50375,0.6866666666666666,,,36.86,36.78,28.19,39.61,39.99,31.07,442.75,448.26,430.37,0.04,0.01,0.02,22.325000000000003,22.325000000000003,12.17,10.19,14.33,19.35,8.53,12.63,6.12,0.54,0.34,1.26,,,,,,,61.0,61.0,47.0,,,,,,,,,,,,,,
1760144400.0,2025-10-11 01:00:00,2025-10-11 06:30:00,34.99,37.86,,,441.73,0.12,20.24,9.16,6.31,0.83,57.74172413793104,37.86,58.0,Satisfactory,6.0,11.0,5.0,10.0,36.01666666666666,38.79333333333333,442.22333333333336,0.0733333333333334,21.471666666666675,9.563333333333338,7.343333333333331,0.6966666666666669,,,28.76333333333333,32.42458333333333,391.5554166666666,0.245,15.937291666666669,43.548750000000005,10.555416666666668,0.6587500000000001,,,36.2,37.05,28.51,38.91,39.91,31.89,442.19,443.79,444.86,0.06,0.02,0.06,21.85,22.325000000000003,12.32,9.34,11.87,17.23,7.19,10.49,5.07,0.72,0.33,1.5,,,,,,,60.0,61.0,48.0,,,,,,,,,,,,,,
1760148000.0,2025-10-11 02:00:00,2025-10-11 07:30:00,33.07,36.61,,,449.59,0.95,16.56,12.98,5.79,0.84,54.49758620689655,36.61,54.0,Satisfactory,7.0,11.0,5.0,10.0,34.75333333333333,37.79333333333333,444.5033333333333,0.3766666666666667,19.55,10.49333333333334,6.429999999999997,0.7966666666666669,,,28.94,32.55375,390.50250000000005,0.245,16.131875,43.34875,10.607083333333334,0.6308333333333334,,,34.99,36.86,28.83,37.86,39.61,33.51,441.73,442.75,474.86,0.12,0.04,0.95,20.24,22.325000000000003,11.89,9.16,10.19,17.78,6.31,8.53,4.55,0.83,0.54,1.51,,,,,,,58.0,61.0,48.0,,,,,,,,,,,,,,
1760151600.0,2025-10-11 03:00:00,2025-10-11 08:30:00,29.95,33.79,,,444.07,0.95,12.38,23.65,5.64,0.7,49.91666666666666,33.79,50.0,Good,8.0,11.0,5.0,10.0,32.669999999999995,36.086666666666666,445.13,0.6733333333333333,16.393333333333334,15.263333333333335,5.91333333333333,0.7900000000000004,,,29.001666666666665,32.54375,388.3708333333333,0.245,16.184375,43.312916666666666,10.66,0.6,,,33.07,36.2,28.47,36.61,38.91,34.03,449.59,442.19,495.23,0.95,0.06,0.95,16.56,21.85,11.12,12.98,9.34,24.51,5.79,7.19,4.37,0.84,0.72,1.44,,,,,,,54.0,60.0,47.0,,,,,,,,,,,,,,
1760155200.0,2025-10-11 04:00:00,2025-10-11 09:30:00,21.08,23.51,,,343.63,0.95,9.22,52.48,9.08,0.07,35.13333333333333,23.51,35.0,Good,9.0,11.0,5.0,10.0,28.033333333333328,31.303333333333327,412.43,0.95,12.720000000000004,29.703333333333337,6.836666666666663,0.536666666666667,,,29.01083333333333,32.50875,387.825,0.2449999999999999,16.161875000000002,43.276250000000005,10.687916666666666,0.58875,,,29.95,34.99,20.86,33.79,37.86,24.35,444.07,441.73,356.73,0.95,0.12,0.95,12.38,20.24,9.76,23.65,9.16,53.36,5.64,6.31,8.41,0.7,0.83,0.34,,,,,,,50.0,58.0,35.0,,,,,,,,,,,,,,
1760158800.0,2025-10-11 05:00:00,2025-10-11 10:30:00,20.34,22.36,,,314.17,0.95,6.4,70.16,8.99,0.08,33.9,22.36,34.0,Good,10.0,11.0,5.0,10.0,23.789999999999992,26.553333333333327,367.29,0.95,9.333333333333336,48.76333333333334,7.9033333333333315,0.2833333333333336,,,29.08,32.51541666666667,387.23291666666665,0.2499999999999999,16.047708333333333,43.62791666666666,10.663333333333334,0.5766666666666667,,,21.08,33.07,18.68,23.51,36.61,22.2,343.63,449.59,328.38,0.95,0.95,0.83,9.22,16.56,9.14,52.48,12.98,61.72,9.08,5.79,9.58,0.07,0.84,0.37,,,,,,,35.0,54.0,31.0,,,,,,,,,,,,,,
1760162400.0,2025-10-11 06:00:00,2025-10-11 11:30:00,24.69,26.59,,,305.33,0.9,4.51,86.3,8.52,0.12,41.150000000000006,26.59,41.0,Good,11.0,11.0,5.0,10.0,22.03666666666666,24.153333333333325,321.0433333333333,0.9333333333333336,6.710000000000004,69.64666666666666,8.863333333333332,0.0900000000000003,,,29.3075,32.666666666666664,386.4520833333333,0.2579166666666666,15.863958333333334,44.44499999999999,10.57875,0.5625,,,20.34,29.95,19.23,22.36,33.79,22.96,314.17,444.07,324.07,0.95,0.95,0.71,6.4,12.38,8.92,70.16,23.65,66.69,8.99,5.64,10.55,0.08,0.7,0.46,,,,,,,34.0,50.0,32.0,,,,,,,,,,,,,,
1760166000.0,2025-10-11 07:00:00,2025-10-11 12:30:00,30.53,32.6,,,312.81,0.49,3.66,101.42,7.55,0.44,57.31931034482759,32.6,33.0,Good,12.0,11.0,5.0,10.0,25.186666666666664,27.183333333333326,310.77,0.7800000000000001,4.856666666666669,85.96,8.35333333333333,0.2133333333333336,,,29.81458333333333,33.128750000000004,386.6029166666667,0.2604166666666667,15.677708333333335,45.60875000000001,10.47125,0.5654166666666667,,,24.69,21.08,18.36,26.59,23.51,21.51,305.33,343.63,309.19,0.9,0.95,0.43,4.51,9.22,8.13,86.3,52.48,73.49,8.52,9.08,10.13,0.12,0.07,0.37,,,,,,,41.0,35.0,31.0,,,,,,,,,,,,,,
1760169600.0,2025-10-11 08:00:00,2025-10-11 13:30:00,34.74,37.24,,,333.15,0.35,4.57,109.49,6.87,1.02,57.31931034482759,37.24,57.0,Satisfactory,13.0,11.0,5.0,10.0,29.98666666666666,32.143333333333324,317.09666666666664,0.5800000000000001,4.246666666666669,99.07,7.646666666666664,0.526666666666667,,,30.5475,33.86416666666667,388.27833333333336,0.26375,15.561041666666668,46.93375,10.387083333333337,0.5958333333333333,,,30.53,20.34,17.15,32.6,22.36,19.59,312.81,314.17,292.94,0.49,0.95,0.27,3.66,6.4,7.37,101.42,70.16,77.69,7.55,8.99,8.89,0.44,0.08,0.29,,,,,,,33.0,34.0,29.0,,,,,,,,,,,,,,
1760173200.0,2025-10-11 09:00:00,2025-10-11 14:30:00,38.12,40.98,,,356.53,0.22,6.57,111.61,6.83,1.47,63.030344827586205,40.98,63.0,Satisfactory,14.0,11.0,5.0,10.0,34.46333333333333,36.93999999999999,334.16333333333336,0.3533333333333334,4.933333333333336,107.50666666666666,7.083333333333331,0.9766666666666668,,,31.38208333333333,34.732083333333335,391.1258333333333,0.2645833333333333,15.528958333333334,48.24583333333334,10.318333333333332,0.6483333333333333,,,34.74,24.69,18.09,37.24,26.59,20.15,333.15,305.33,288.19,0.35,0.9,0.2,4.57,4.51,7.34,109.49,86.3,80.12,6.87,8.52,8.48,1.02,0.12,0.21,,,,,,,57.0,41.0,30.0,,,,,,,,,,,,,,
1760176800.0,2025-10-11 10:00:00,2025-10-11 15:30:00,41.19,44.37,,,379.65,0.25,8.74,107.7,7.0,1.83,68.21758620689656,44.37,68.0,Satisfactory,15.0,11.0,5.0,10.0,38.01666666666666,40.86333333333332,356.4433333333333,0.2733333333333334,6.62666666666667,109.6,6.899999999999998,1.4400000000000004,,,32.21791666666666,35.61666666666667,394.7029166666667,0.2691666666666666,15.546875,49.39625,10.245,0.71875,,,38.12,30.53,21.13,40.98,32.6,23.14,356.53,312.81,293.8,0.22,0.49,0.14,6.57,3.66,8.31,111.61,101.42,80.09,6.83,7.55,8.76,1.47,0.44,0.14,,,,,,,63.0,33.0,35.0,,,,,,,,,,,,,,
1760180400.0,2025-10-11 11:00:00,2025-10-11 16:30:00,44.21,47.72,,,400.9,0.43,10.64,103.62,7.33,1.98,73.32034482758621,47.72,73.0,Satisfactory,16.0,11.0,5.0,10.0,41.173333333333325,44.356666666666655,379.0266666666666,0.3000000000000001,8.650000000000004,107.64333333333332,7.053333333333331,1.7600000000000005,,,33.009166666666665,36.45791666666667,398.4954166666666,0.2825,15.548541666666669,50.51541666666666,10.146666666666668,0.7954166666666667,,,41.19,34.74,25.22,44.37,37.24,27.53,379.65,333.15,309.88,0.25,0.35,0.11,8.74,4.57,10.6,107.7,109.49,76.76,7.0,6.87,9.69,1.83,1.02,0.14,,,,,,,68.0,57.0,42.0,,,,,,,,,,,,,,
1760184000.0,2025-10-11 12:00:00,2025-10-11 17:30:00,46.04,49.7,,,413.38,0.22,12.68,99.44,7.59,1.78,76.41241379310344,49.7,76.0,Satisfactory,17.0,11.0,5.0,10.0,43.813333333333325,47.26333333333333,397.9766666666666,0.3000000000000001,10.68666666666667,103.58666666666666,7.306666666666665,1.863333333333334,,,33.751666666666665,37.242916666666666,402.06875,0.29,15.504375,51.66375,10.012083333333337,0.86375,,,44.21,38.12,28.22,47.72,40.98,30.86,400.9,356.53,327.62,0.43,0.22,0.04,10.64,6.57,13.74,103.62,111.61,71.88,7.33,6.83,10.82,1.98,1.47,0.14,,,,,,,73.0,63.0,47.0,,,,,,,,,,,,,,
1760187600.0,2025-10-11 13:00:00,2025-10-11 18:30:00,47.42,51.2,,,417.2,0.0,12.74,96.33,7.38,1.35,78.74413793103449,51.2,79.0,Satisfactory,18.0,11.0,5.0,10.0,45.88999999999999,49.53999999999999,410.4933333333333,0.2166666666666667,12.02,99.79666666666668,7.433333333333331,1.7033333333333338,,,34.45916666666667,37.973333333333336,404.77833333333336,0.29,15.328541666666668,52.98666666666666,9.829166666666667,0.9045833333333334,,,46.04,41.19,30.44,49.7,44.37,33.67,413.38,379.65,352.17,0.22,0.25,0.0,12.68,8.74,16.96,99.44,107.7,64.58,7.59,7.0,11.77,1.78,1.83,0.37,,,,,,,76.0,68.0,34.0,,,,,,,,,,,,,,
1760191200.0,2025-10-11 14:00:00,2025-10-11 19:30:00,49.61,53.99,,,444.55,0.0,13.12,90.1,7.09,1.43,82.4444827586207,53.99,82.0,Satisfactory,19.0,11.0,5.0,10.0,47.69,51.63,425.04333333333335,0.0733333333333334,12.84666666666667,95.29,7.353333333333331,1.5200000000000002,,,35.19958333333334,38.724583333333335,407.4866666666666,0.29,15.076041666666669,54.3975,9.600833333333334,0.93125,,,47.42,44.21,31.84,51.2,47.72,35.96,417.2,400.9,379.55,0.0,0.43,0.0,12.74,10.64,19.18,96.33,103.62,56.24,7.38,7.33,12.57,1.35,1.98,0.79,,,,,,,79.0,73.0,52.0,,,,,,,,,,,,,,
1760194800.0,2025-10-11 15:00:00,2025-10-11 20:30:00,51.18,56.06,,,470.33,0.0,12.65,83.9,6.9,1.44,85.09724137931035,56.06,85.0,Satisfactory,20.0,11.0,5.0,10.0,49.40333333333333,53.75,444.0266666666666,0.0,12.836666666666668,90.11,7.123333333333331,1.406666666666667,,,35.99,39.51125,410.36125,0.29,14.748541666666668,55.89791666666667,9.3375,0.9458333333333332,,,49.61,46.04,32.21,53.99,49.7,37.18,444.55,413.38,401.34,0.0,0.22,0.0,13.12,12.68,20.51,90.1,99.44,47.89,7.09,7.59,13.22,1.43,1.78,1.09,,,,,,,82.0,76.0,53.0,,,,,,,,,,,,,,
1760198400.0,2025-10-11 16:00:00,2025-10-11 21:30:00,52.2,57.42,,,484.49,0.0,11.63,77.85,6.35,1.41,86.82068965517243,57.42,87.0,Satisfactory,21.0,11.0,5.0,10.0,50.99666666666666,55.82333333333332,466.45666666666665,0.0,12.466666666666669,83.95,6.779999999999998,1.426666666666667,,,36.837916666666665,40.34916666666667,413.1504166666666,0.2895833333333333,14.351458333333332,57.47416666666667,9.007083333333334,0.955,,,51.18,47.42,31.85,56.06,51.2,37.31,470.33,417.2,417.55,0.0,0.0,0.01,12.65,12.74,21.16,83.9,96.33,40.02,6.9,7.38,14.28,1.44,1.35,1.19,,,,,,,85.0,79.0,52.0,,,,,,,,,,,,,,
1760202000.0,2025-10-11 17:00:00,2025-10-11 22:30:00,53.33,59.09,,,500.61,0.0,11.06,71.69,5.84,1.43,88.72999999999999,59.09,89.0,Satisfactory,22.0,11.0,5.0,10.0,52.23666666666666,57.52333333333333,485.1433333333334,0.0,11.780000000000005,77.81333333333333,6.363333333333331,1.426666666666667,,,37.70249999999999,41.2075,415.4041666666666,0.2891666666666666,13.882083333333334,59.10541666666668,8.60375,0.9604166666666668,,,52.2,49.61,32.58,57.42,53.99,38.49,484.49,444.55,446.52,0.0,0.0,0.01,11.63,13.12,22.325000000000003,77.85,90.1,32.54,6.35,7.09,15.52,1.41,1.43,1.3,,,,,,,87.0,82.0,54.0,,,,,,,,,,,,,,
1760205600.0,2025-10-11 18:00:00,2025-10-11 23:30:00,53.24,58.95,,,511.73,0.0,10.92,64.59,5.62,1.3,88.57793103448276,58.95,89.0,Satisfactory,23.0,11.0,5.0,10.0,52.923333333333325,58.48666666666666,498.9433333333334,0.0,11.203333333333337,71.37666666666667,5.936666666666664,1.38,,,38.51,42.01583333333333,417.2595833333333,0.28875,13.406875,60.70375000000001,8.170208333333333,0.9616666666666668,,,53.33,51.18,33.86,59.09,56.06,39.55,500.61,470.33,467.2,0.0,0.0,0.01,11.06,12.65,22.325000000000003,71.69,83.9,26.23,5.84,6.9,16.025000000000002,1.43,1.44,1.27,,,,,,,89.0,85.0,56.0,,,,,,,,,,,,,,
1760209200.0,2025-10-11 19:00:00,2025-10-12 00:30:00,51.88,56.89,,,508.54,0.0,10.61,57.44,5.38,1.05,86.28,56.89,86.0,Satisfactory,0.0,12.0,6.0,10.0,52.81666666666666,58.31,506.96,0.0,10.863333333333337,64.57333333333334,5.613333333333331,1.2600000000000005,,,39.205416666666665,42.72541666666667,419.3091666666666,0.2883333333333333,12.91875,62.20791666666667,7.7266666666666675,0.96375,,,53.24,52.2,35.19,58.95,57.42,39.86,511.73,484.49,459.35,0.0,0.0,0.01,10.92,11.63,22.325000000000003,64.59,77.85,21.34,5.62,6.35,16.025000000000002,1.3,1.41,1.0,,,,,,,89.0,87.0,58.0,,,,,,,,,,,,,,
1760212800.0,2025-10-11 20:00:00,2025-10-12 01:30:00,50.84,55.12,,,501.55,0.0,9.87,52.47,5.21,0.88,84.52275862068967,55.12,85.0,Satisfactory,1.0,12.0,6.0,10.0,51.98666666666666,56.98666666666666,507.2733333333333,0.0,10.466666666666669,58.16666666666666,5.403333333333332,1.076666666666667,,,39.814166666666665,43.352916666666665,421.28875,0.2879166666666666,12.399791666666667,63.67125000000001,7.337916666666666,0.9741666666666666,,,51.88,53.33,36.23,56.89,59.09,40.06,508.54,500.61,454.04,0.0,0.0,0.01,10.61,11.06,22.325000000000003,57.44,71.69,17.35,5.38,5.84,14.54,1.05,1.43,0.63,,,,,,,86.0,89.0,60.0,,,,,,,,,,,,,,
1760216400.0,2025-10-11 21:00:00,2025-10-12 02:30:00,50.63,54.21,,,492.22,0.0,9.16,49.6,5.33,0.71,84.16793103448276,54.21,84.0,Satisfactory,2.0,12.0,6.0,10.0,51.11666666666665,55.40666666666666,500.77,0.0,9.88,53.17000000000001,5.306666666666664,0.8800000000000003,,,40.39125,43.94541666666667,423.1204166666667,0.2875,11.85125,65.14083333333333,7.03375,0.9895833333333334,,,50.84,53.24,36.78,55.12,58.95,39.99,501.55,511.73,448.26,0.0,0.0,0.01,9.87,10.92,22.325000000000003,52.47,64.59,14.33,5.21,5.62,12.63,0.88,1.3,0.34,,,,,,,85.0,89.0,61.0,,,,,,,,,,,,,,
1760220000.0,2025-10-11 22:00:00,2025-10-12 03:30:00,51.26,54.21,,,481.43,0.0,8.83,47.38,5.7,0.59,85.23241379310345,54.21,85.0,Satisfactory,3.0,12.0,6.0,10.0,50.91,54.51333333333333,491.73333333333335,0.0,9.286666666666669,49.81666666666667,5.41333333333333,0.7266666666666669,,,40.98333333333333,44.54125,424.68875,0.2866666666666667,11.288958333333332,66.62041666666666,6.834166666666666,1.0004166666666667,,,50.63,51.88,37.05,54.21,56.89,39.91,492.22,508.54,443.79,0.0,0.0,0.02,9.16,10.61,22.325000000000003,49.6,57.44,11.87,5.33,5.38,10.49,0.71,1.05,0.33,,,,,,,84.0,86.0,61.0,,,,,,,,,,,,,,
1760223600.0,2025-10-11 23:00:00,2025-10-12 04:30:00,52.85,55.6,,,479.09,0.0,9.04,41.76,5.98,0.59,87.91896551724139,55.6,88.0,Satisfactory,4.0,12.0,6.0,10.0,51.57999999999999,54.673333333333325,484.2466666666666,0.0,9.010000000000003,46.24666666666667,5.669999999999998,0.6300000000000003,,,41.64958333333333,45.2075,426.2029166666666,0.285,10.735416666666666,67.93583333333332,6.727916666666666,1.0025000000000002,,,51.26,50.84,36.86,54.21,55.12,39.61,481.43,501.55,442.75,0.0,0.0,0.04,8.83,9.87,22.325000000000003,47.38,52.47,10.19,5.7,5.21,8.53,0.59,0.88,0.54,,,,,,,85.0,85.0,61.0,,,,,,,,,,,,,,
1760227200.0,2025-10-12 00:00:00,2025-10-12 05:30:00,54.52,57.23,,,477.32,0.01,9.57,36.21,6.43,0.57,90.74068965517242,57.23,91.0,Satisfactory,5.0,12.0,6.0,10.0,52.876666666666665,55.68,479.28,0.0033333333333334,9.146666666666668,41.78333333333334,6.036666666666664,0.5833333333333336,,,42.41291666666667,45.97083333333334,427.6666666666667,0.2829166666666666,10.22375,69.05541666666666,6.696249999999999,0.99625,,,52.85,50.63,36.2,55.6,54.21,38.91,479.09,492.22,442.19,0.0,0.0,0.06,9.04,9.16,21.85,41.76,49.6,9.34,5.98,5.33,7.19,0.59,0.71,0.72,,,,,,,88.0,84.0,60.0,,,,,,,,,,,,,,
1760230800.0,2025-10-12 01:00:00,2025-10-12 06:30:00,55.56,58.51,,,473.86,0.02,10.45,31.9,7.27,0.52,92.49793103448276,58.51,92.0,Satisfactory,6.0,12.0,6.0,10.0,54.31,57.11333333333332,476.75666666666666,0.01,9.68666666666667,36.623333333333335,6.559999999999998,0.5600000000000003,,,43.27,46.83125,429.0054166666666,0.27875,9.815833333333332,70.00291666666666,6.736249999999999,0.9833333333333334,,,54.52,51.26,34.99,57.23,54.21,37.86,477.32,481.43,441.73,0.01,0.0,0.12,9.57,8.83,20.24,36.21,47.38,9.16,6.43,5.7,6.31,0.57,0.59,0.83,,,,,,,91.0,85.0,58.0,,,,,,,,,,,,,,
1760234400.0,2025-10-12 02:00:00,2025-10-12 07:30:00,56.77,60.49,,,479.14,0.69,11.57,29.92,8.48,0.5,94.54241379310346,60.49,95.0,Satisfactory,7.0,12.0,6.0,10.0,55.61666666666667,58.74333333333333,476.77333333333337,0.24,10.530000000000005,32.67666666666668,7.393333333333331,0.5300000000000002,,,44.2575,47.82625,430.2366666666667,0.2679166666666666,9.607916666666666,70.70875,6.848333333333333,0.9691666666666668,,,55.56,52.85,33.07,58.51,55.6,36.61,473.86,479.09,449.59,0.02,0.0,0.95,10.45,9.04,16.56,31.9,41.76,12.98,7.27,5.98,5.79,0.52,0.59,0.84,,,,,,,92.0,88.0,54.0,,,,,,,,,,,,,,
1760238000.0,2025-10-12 03:00:00,2025-10-12 08:30:00,57.51,61.93,,,492.52,0.95,11.97,31.75,9.26,0.48,95.79275862068964,61.93,96.0,Satisfactory,8.0,12.0,6.0,10.0,56.61333333333332,60.31,481.84,0.5533333333333333,11.330000000000004,31.19000000000001,8.336666666666664,0.5000000000000003,,,45.40583333333333,48.99875,432.2554166666666,0.2679166666666666,9.590833333333332,71.04625,6.999166666666667,0.96,,,56.77,54.52,29.95,60.49,57.23,33.79,479.14,477.32,444.07,0.69,0.01,0.95,11.57,9.57,12.38,29.92,36.21,23.65,8.48,6.43,5.64,0.5,0.57,0.7,,,,,,,95.0,91.0,50.0,,,,,,,,,,,,,,
1760241600.0,2025-10-12 04:00:00,2025-10-12 09:30:00,49.2,52.87,,,380.26,0.95,10.77,67.56,14.97,0.0,81.75172413793103,52.87,82.0,Satisfactory,9.0,12.0,6.0,10.0,54.49333333333333,58.43,450.64,0.8633333333333333,11.436666666666667,43.07666666666668,10.90333333333333,0.3266666666666669,,,46.57750000000001,50.22208333333334,433.7816666666667,0.2679166666666666,9.655416666666666,71.67458333333333,7.244583333333334,0.9570833333333332,,,57.51,55.56,21.08,61.93,58.51,23.51,492.52,473.86,343.63,0.95,0.02,0.95,11.97,10.45,9.22,31.75,31.9,52.48,9.26,7.27,9.08,0.48,0.52,0.07,,,,,,,96.0,92.0,35.0,,,,,,,,,,,,,,
1760245200.0,2025-10-12 05:00:00,2025-10-12 10:30:00,46.59,49.72,,,344.41,0.95,7.86,87.86,13.21,0.0,77.34172413793104,49.72,77.0,Satisfactory,10.0,12.0,6.0,10.0,51.1,54.84,405.73,0.95,10.2,62.39000000000001,12.48,0.1600000000000002,,,47.67124999999999,51.36208333333334,435.0416666666667,0.2679166666666666,9.71625,72.41208333333333,7.420416666666665,0.95375,,,49.2,56.77,20.34,52.87,60.49,22.36,380.26,479.14,314.17,0.95,0.69,0.95,10.77,11.57,6.4,67.56,29.92,70.16,14.97,8.48,8.99,0.0,0.5,0.08,,,,,,,82.0,95.0,34.0,,,,,,,,,,,,,,
1760248800.0,2025-10-12 06:00:00,2025-10-12 11:30:00,49.07,51.87,,,338.1,0.79,5.11,104.34,10.81,0.0,81.53206896551724,51.87,82.0,Satisfactory,11.0,12.0,6.0,10.0,48.28666666666666,51.48666666666666,354.25666666666666,0.8966666666666668,7.913333333333337,86.58666666666666,12.996666666666664,0.0,,,48.68708333333333,52.415416666666665,436.4070833333333,0.2633333333333333,9.74125,73.16375000000001,7.515833333333333,0.94875,,,46.59,57.51,24.69,49.72,61.93,26.59,344.41,492.52,305.33,0.95,0.95,0.9,7.86,11.97,4.51,87.86,31.75,86.3,13.21,9.26,8.52,0.0,0.48,0.12,,,,,,,77.0,96.0,41.0,,,,,,,,,,,,,,
1760252400.0,2025-10-12 07:00:00,2025-10-12 12:30:00,46.24,48.47,,,325.72,0.31,2.57,121.21,7.61,0.0,76.75034482758622,48.47,77.0,Satisfactory,12.0,12.0,6.0,10.0,47.29999999999999,50.01999999999999,336.07666666666665,0.6833333333333335,5.180000000000002,104.47,10.543333333333331,0.0,,,49.34166666666666,53.07666666666666,436.945,0.2558333333333333,9.695833333333333,73.98833333333333,7.518333333333333,0.9304166666666666,,,49.07,49.2,30.53,51.87,52.87,32.6,338.1,380.26,312.81,0.79,0.95,0.49,5.11,10.77,3.66,104.34,67.56,101.42,10.81,14.97,7.55,0.0,0.0,0.44,,,,,,,82.0,82.0,33.0,,,,,,,,,,,,,,
1760256000.0,2025-10-12 08:00:00,2025-10-12 13:30:00,43.37,45.27,,,320.41,0.2,1.81,127.29,5.8,0.0,71.90103448275862,45.27,72.0,Satisfactory,13.0,12.0,6.0,10.0,46.22666666666666,48.53666666666666,328.07666666666665,0.4333333333333334,3.163333333333336,117.61333333333334,8.07333333333333,0.0,,,49.70125000000001,53.41125,436.4141666666667,0.2495833333333333,9.580833333333333,74.73,7.47375,0.8879166666666668,,,46.24,46.59,34.74,48.47,49.72,37.24,325.72,344.41,333.15,0.31,0.95,0.35,2.57,7.86,4.57,121.21,87.86,109.49,7.61,13.21,6.87,0.0,0.0,1.02,,,,,,,77.0,77.0,57.0,,,,,,,,,,,,,,
1760259600.0,2025-10-12 09:00:00,2025-10-12 14:30:00,43.65,45.45,,,321.91,0.18,1.76,131.0,5.16,0.0,72.37413793103448,45.45,72.0,Satisfactory,14.0,12.0,6.0,10.0,44.42,46.39666666666667,322.68000000000006,0.23,2.046666666666669,126.5,6.189999999999998,0.0,,,49.93166666666667,53.5975,434.9716666666666,0.2479166666666666,9.380416666666669,75.53791666666667,7.404166666666668,0.8266666666666668,,,43.37,49.07,38.12,45.27,51.87,40.98,320.41,338.1,356.53,0.2,0.79,0.22,1.81,5.11,6.57,127.29,104.34,111.61,5.8,10.81,6.83,0.0,0.0,1.47,,,,,,,72.0,82.0,63.0,,,,,,,,,,,,,,
1760263200.0,2025-10-12 10:00:00,2025-10-12 15:30:00,45.02,46.89,,,327.18,0.19,2.21,131.67,4.95,0.0,74.68896551724139,46.89,75.0,Satisfactory,15.0,12.0,6.0,10.0,44.01333333333332,45.87,323.1666666666667,0.19,1.9266666666666687,129.98666666666665,5.303333333333331,0.0,,,50.09125,53.70249999999999,432.78541666666666,0.2454166666666666,9.108333333333333,76.53666666666666,7.31875,0.7504166666666666,,,43.65,46.24,41.19,45.45,48.47,44.37,321.91,325.72,379.65,0.18,0.31,0.25,1.76,2.57,8.74,131.0,121.21,107.7,5.16,7.61,7.0,0.0,0.0,1.83,,,,,,,72.0,77.0,68.0,,,,,,,,,,,,,,
1760266800.0,2025-10-12 11:00:00,2025-10-12 16:30:00,46.62,48.66,,,336.94,0.17,3.32,129.21,5.05,0.0,77.39241379310344,48.66,77.0,Satisfactory,16.0,12.0,6.0,10.0,45.09666666666666,46.99999999999999,328.6766666666667,0.18,2.430000000000002,130.6266666666667,5.053333333333331,0.0,,,50.19166666666666,53.74166666666667,430.1204166666666,0.2345833333333332,8.803333333333333,77.60291666666667,7.22375,0.6679166666666667,,,45.02,43.37,44.21,46.89,45.27,47.72,327.18,320.41,400.9,0.19,0.2,0.43,2.21,1.81,10.64,131.67,127.29,103.62,4.95,5.8,7.33,0.0,0.0,1.98,,,,,,,75.0,72.0,73.0,,,,,,,,,,,,,,
1760270400.0,2025-10-12 12:00:00,2025-10-12 17:30:00,47.16,49.37,,,346.52,0.06,5.03,124.66,5.28,0.0,78.3048275862069,49.37,78.0,Satisfactory,17.0,12.0,6.0,10.0,46.26666666666666,48.306666666666665,336.87999999999994,0.1400000000000001,3.5200000000000027,128.51333333333335,5.093333333333331,0.0,,,50.23833333333334,53.72791666666666,427.3345833333333,0.2279166666666666,8.484583333333333,78.65375,7.1275,0.59375,,,46.62,43.65,46.04,48.66,45.45,49.7,336.94,321.91,413.38,0.17,0.18,0.22,3.32,1.76,12.68,129.21,131.0,99.44,5.05,5.16,7.59,0.0,0.0,1.78,,,,,,,77.0,72.0,76.0,,,,,,,,,,,,,,
1760274000.0,2025-10-12 13:00:00,2025-10-12 18:30:00,47.12,49.79,,,364.5,0.0,7.25,113.07,5.03,0.08,78.23724137931035,49.79,78.0,Satisfactory,18.0,12.0,6.0,10.0,46.96666666666666,49.27333333333332,349.32,0.0766666666666667,5.200000000000003,122.31333333333336,5.119999999999998,0.0266666666666669,,,50.22583333333333,53.66916666666668,425.13875,0.2279166666666666,8.255833333333333,79.35125000000001,7.029583333333334,0.5408333333333334,,,47.16,45.02,47.42,49.37,46.89,51.2,346.52,327.18,417.2,0.06,0.19,0.0,5.03,2.21,12.74,124.66,131.67,96.33,5.28,4.95,7.38,0.0,0.0,1.35,,,,,,,78.0,75.0,79.0,,,,,,,,,,,,,,
1760277600.0,2025-10-12 14:00:00,2025-10-12 19:30:00,47.42,51.17,,,397.03,0.0,9.43,98.44,4.85,0.62,78.74413793103449,51.17,79.0,Satisfactory,19.0,12.0,6.0,10.0,47.23333333333333,50.10999999999999,369.35,0.02,7.236666666666669,112.05666666666669,5.053333333333331,0.2333333333333336,,,50.13458333333333,53.55166666666667,423.15875000000005,0.2279166666666666,8.102083333333333,79.69875,6.93625,0.5070833333333333,,,47.12,46.62,49.61,49.79,48.66,53.99,364.5,336.94,444.55,0.0,0.17,0.0,7.25,3.32,13.12,113.07,129.21,90.1,5.03,5.05,7.09,0.08,0.0,1.43,,,,,,,78.0,77.0,82.0,,,,,,,,,,,,,,
1760281200.0,2025-10-12 15:00:00,2025-10-12 20:30:00,47.74,52.67,,,427.52,0.0,10.44,86.99,5.04,1.23,79.2848275862069,52.67,79.0,Satisfactory,20.0,12.0,6.0,10.0,47.426666666666655,51.21,396.35,0.0,9.04,99.5,4.97333333333333,0.6433333333333336,,,49.99125,53.41041666666666,421.375,0.2279166666666666,8.01,79.8275,6.858750000000001,0.4983333333333333,,,47.42,47.16,51.18,51.17,49.37,56.06,397.03,346.52,470.33,0.0,0.06,0.0,9.43,5.03,12.65,98.44,124.66,83.9,4.85,5.28,6.9,0.62,0.0,1.44,,,,,,,79.0,78.0,85.0,,,,,,,,,,,,,,
1760284800.0,2025-10-12 16:00:00,2025-10-12 21:30:00,47.44,53.07,,,445.41,0.0,10.46,77.11,4.95,1.64,78.77793103448275,53.07,79.0,Satisfactory,21.0,12.0,6.0,10.0,47.53333333333333,52.303333333333335,423.32,0.0,10.11,87.51333333333334,4.9466666666666645,1.1633333333333336,,,49.79291666666668,53.22916666666666,419.7466666666667,0.2279166666666666,7.96125,79.79666666666667,6.800416666666666,0.5079166666666667,,,47.74,47.12,52.2,52.67,49.79,57.42,427.52,364.5,484.49,0.0,0.0,0.0,10.44,7.25,11.63,86.99,113.07,77.85,5.04,5.03,6.35,1.23,0.08,1.41,,,,,,,79.0,78.0,87.0,,,,,,,,,,,,,,
1760288400.0,2025-10-12 17:00:00,2025-10-12 22:30:00,48.11,54.07,,,465.68,0.0,10.17,68.93,4.54,1.65,79.91,54.07,80.0,Satisfactory,22.0,12.0,6.0,10.0,47.76333333333333,53.26999999999999,446.2033333333333,0.0,10.35666666666667,77.67666666666668,4.843333333333331,1.506666666666667,,,49.57541666666666,53.02,418.29125,0.2279166666666666,7.9241666666666655,79.68166666666666,6.74625,0.5170833333333333,,,47.44,47.42,53.33,53.07,51.17,59.09,445.41,397.03,500.61,0.0,0.0,0.0,10.46,9.43,11.06,77.11,98.44,71.69,4.95,4.85,5.84,1.64,0.62,1.43,,,,,,,79.0,79.0,89.0,,,,,,,,,,,,,,
1760292000.0,2025-10-12 18:00:00,2025-10-12 23:30:00,49.27,54.84,,,480.98,0.0,9.71,63.32,4.09,1.43,81.87,54.84,82.0,Satisfactory,23.0,12.0,6.0,10.0,48.27333333333333,53.99333333333333,464.0233333333333,0.0,10.113333333333337,69.78666666666668,4.526666666666665,1.5733333333333337,,,49.41,52.84875,417.0100000000001,0.2279166666666666,7.87375,79.62875,6.682500000000001,0.5225000000000001,,,48.11,47.74,53.24,54.07,52.67,58.95,465.68,427.52,511.73,0.0,0.0,0.0,10.17,10.44,10.92,68.93,86.99,64.59,4.54,5.04,5.62,1.65,1.23,1.3,,,,,,,80.0,79.0,89.0,,,,,,,,,,,,,,
1760295600.0,2025-10-12 19:00:00,2025-10-13 00:30:00,50.35,54.83,,,487.67,0.0,9.1,58.46,3.88,1.2,83.6948275862069,54.83,84.0,Satisfactory,0.0,13.0,0.0,10.0,49.24333333333333,54.57999999999999,478.11,0.0,9.660000000000004,63.570000000000014,4.169999999999997,1.426666666666667,,,49.34625,52.76291666666666,416.1404166666667,0.2279166666666666,7.810833333333332,79.67125,6.62,0.5287499999999999,,,49.27,47.44,51.88,54.84,53.07,56.89,480.98,445.41,508.54,0.0,0.0,0.0,9.71,10.46,10.61,63.32,77.11,57.44,4.09,4.95,5.38,1.43,1.64,1.05,,,,,,,82.0,79.0,86.0,,,,,,,,,,,,,,
1760299200.0,2025-10-12 20:00:00,2025-10-13 01:30:00,51.46,55.23,,,498.77,0.0,8.62,53.36,4.03,1.25,85.57034482758621,55.23,86.0,Satisfactory,1.0,13.0,0.0,10.0,50.35999999999999,54.96666666666666,489.14,0.0,9.143333333333336,58.38000000000002,3.999999999999998,1.2933333333333337,,,49.37208333333333,52.767500000000005,416.0245833333333,0.2279166666666666,7.758749999999999,79.70833333333333,6.570833333333334,0.5441666666666666,,,50.35,48.11,50.84,54.83,54.07,55.12,487.67,465.68,501.55,0.0,0.0,0.0,9.1,10.17,9.87,58.46,68.93,52.47,3.88,4.54,5.21,1.2,1.65,0.88,,,,,,,84.0,80.0,85.0,,,,,,,,,,,,,,
1760302800.0,2025-10-12 21:00:00,2025-10-13 02:30:00,52.2,55.45,,,504.59,0.0,8.05,50.38,4.48,1.41,86.82068965517243,55.45,87.0,Satisfactory,2.0,13.0,0.0,10.0,51.336666666666666,55.17,497.01,0.0,8.590000000000002,54.06666666666669,4.129999999999998,1.286666666666667,,,49.4375,52.81916666666667,416.54,0.2279166666666666,7.712499999999999,79.74083333333333,6.535416666666666,0.5733333333333334,,,51.46,49.27,50.63,55.23,54.84,54.21,498.77,480.98,492.22,0.0,0.0,0.0,8.62,9.71,9.16,53.36,63.32,49.6,4.03,4.09,5.33,1.25,1.43,0.71,,,,,,,86.0,82.0,84.0,,,,,,,,,,,,,,
1760306400.0,2025-10-12 22:00:00,2025-10-13 03:30:00,52.86,55.72,,,510.24,0.0,7.71,46.83,4.82,1.56,87.93586206896552,55.72,88.0,Satisfactory,3.0,13.0,0.0,10.0,52.173333333333325,55.46666666666666,504.5333333333333,0.0,8.12666666666667,50.190000000000005,4.443333333333332,1.406666666666667,,,49.50416666666667,52.88208333333333,417.7404166666666,0.2279166666666666,7.665833333333334,79.71791666666667,6.49875,0.61375,,,52.2,50.35,51.26,55.45,54.83,54.21,504.59,487.67,481.43,0.0,0.0,0.0,8.05,9.1,8.83,50.38,58.46,47.38,4.48,3.88,5.7,1.41,1.2,0.59,,,,,,,87.0,84.0,85.0,,,,,,,,,,,,,,
1760310000.0,2025-10-12 23:00:00,2025-10-13 04:30:00,53.71,56.32,,,516.66,0.0,7.45,42.5,4.87,1.39,89.37206896551724,56.32,89.0,Satisfactory,4.0,13.0,0.0,10.0,52.923333333333325,55.82999999999999,510.4966666666666,0.0,7.736666666666669,46.570000000000014,4.723333333333332,1.4533333333333338,,,49.53999999999999,52.91208333333333,419.3058333333333,0.2279166666666666,7.599583333333334,79.74875,6.4525,0.6470833333333333,,,52.86,51.46,52.85,55.72,55.23,55.6,510.24,498.77,479.09,0.0,0.0,0.0,7.71,8.62,9.04,46.83,53.36,41.76,4.82,4.03,5.98,1.56,1.25,0.59,,,,,,,88.0,86.0,88.0,,,,,,,,,,,,,,
1760313600.0,2025-10-13 00:00:00,2025-10-13 05:30:00,54.55,56.98,,,521.2,0.0,7.44,40.21,5.01,1.23,90.79137931034482,56.98,91.0,Satisfactory,5.0,13.0,0.0,10.0,53.706666666666656,56.34,516.0333333333334,0.0,7.533333333333336,43.18000000000001,4.899999999999998,1.3933333333333335,,,49.54125,52.90166666666666,421.13416666666666,0.2275,7.510833333333333,79.91541666666667,6.393333333333334,0.6745833333333332,,,53.71,52.2,54.52,56.32,55.45,57.23,516.66,504.59,477.32,0.0,0.0,0.01,7.45,8.05,9.57,42.5,50.38,36.21,4.87,4.48,6.43,1.39,1.41,0.57,,,,,,,89.0,87.0,91.0,,,,,,,,,,,,,,
1760317200.0,2025-10-13 01:00:00,2025-10-13 06:30:00,55.86,58.65,,,528.13,0.01,8.11,38.68,4.97,1.16,93.00482758620689,58.65,93.0,Satisfactory,6.0,13.0,0.0,10.0,54.706666666666656,57.31666666666666,521.9966666666668,0.0033333333333334,7.666666666666669,40.46333333333334,4.9499999999999975,1.2600000000000005,,,49.55375,52.9075,423.3954166666667,0.2270833333333333,7.413333333333334,80.19791666666667,6.2975,0.7012499999999999,,,54.55,52.86,55.56,56.98,55.72,58.51,521.2,510.24,473.86,0.0,0.0,0.02,7.44,7.71,10.45,40.21,46.83,31.9,5.01,4.82,7.27,1.23,1.56,0.52,,,,,,,91.0,88.0,92.0,,,,,,,,,,,,,,
1760320800.0,2025-10-13 02:00:00,2025-10-13 07:30:00,57.93,61.99,,,550.44,0.33,10.22,36.34,5.32,1.16,96.50241379310344,61.99,97.0,Satisfactory,7.0,13.0,0.0,10.0,56.11333333333332,59.20666666666667,533.2566666666667,0.1133333333333334,8.590000000000003,38.41,5.099999999999998,1.1833333333333336,,,49.60208333333333,52.97,426.36625,0.2120833333333333,7.3570833333333345,80.46541666666666,6.165833333333334,0.7287499999999999,,,55.86,53.71,56.77,58.65,56.32,60.49,528.13,516.66,479.14,0.01,0.0,0.69,8.11,7.45,11.57,38.68,42.5,29.92,4.97,4.87,8.48,1.16,1.39,0.5,,,,,,,93.0,89.0,95.0,,,,,,,,,,,,,,
1760324400.0,2025-10-13 03:00:00,2025-10-13 08:30:00,60.03,65.16,,,552.94,0.95,11.77,39.16,6.31,1.13,104.00413793103448,65.16,65.0,Satisfactory,8.0,13.0,0.0,10.0,57.94,61.93333333333333,543.8366666666667,0.4300000000000001,10.033333333333337,38.06000000000001,5.5333333333333306,1.15,,,49.70708333333334,53.10458333333333,428.88375,0.2120833333333333,7.34875,80.77416666666666,6.042916666666667,0.7558333333333334,,,57.93,54.55,57.51,61.99,56.98,61.93,550.44,521.2,492.52,0.33,0.0,0.95,10.22,7.44,11.97,36.34,40.21,31.75,5.32,5.01,9.26,1.16,1.23,0.48,,,,,,,97.0,91.0,96.0,,,,,,,,,,,,,,
1760328000.0,2025-10-13 04:00:00,2025-10-13 09:30:00,61.88,66.25,,,445.96,0.95,12.83,80.45,14.52,0.01,104.00413793103448,66.25,104.0,Moderate,9.0,13.0,0.0,10.0,59.94666666666666,64.46666666666665,516.4466666666666,0.7433333333333335,11.60666666666667,51.98333333333334,8.716666666666663,0.7666666666666669,,,50.23541666666666,53.66208333333333,431.62125,0.2120833333333333,7.434583333333333,81.31125,6.024166666666666,0.75625,,,60.03,55.86,49.2,65.16,58.65,52.87,552.94,528.13,380.26,0.95,0.01,0.95,11.77,8.11,10.77,39.16,38.68,67.56,6.31,4.97,14.97,1.13,1.16,0.0,,,,,,,65.0,93.0,82.0,,,,,,,,,,,,,,
1760331600.0,2025-10-13 05:00:00,2025-10-13 10:30:00,61.76,66.24,,,415.37,0.95,12.85,92.69,16.025000000000002,0.0,103.59448275862069,66.24,104.0,Moderate,10.0,13.0,0.0,10.0,61.22333333333332,65.88333333333333,471.42333333333335,0.95,12.483333333333336,70.76666666666667,12.284999999999997,0.3800000000000003,,,50.8675,54.35041666666666,434.5779166666667,0.2120833333333333,7.642499999999999,81.5125,6.1414583333333335,0.75625,,,61.88,57.93,46.59,66.25,61.99,49.72,445.96,550.44,344.41,0.95,0.33,0.95,12.83,10.22,7.86,80.45,36.34,87.86,14.52,5.32,13.21,0.01,1.16,0.0,,,,,,,104.0,97.0,77.0,,,,,,,,,,,,,,
1760335200.0,2025-10-13 06:00:00,2025-10-13 11:30:00,63.75,68.32,,,409.65,0.95,11.19,105.57,16.025000000000002,0.04,110.38793103448276,68.32,110.0,Moderate,11.0,13.0,0.0,10.0,62.46333333333333,66.93666666666667,423.66,0.95,12.29,92.90333333333336,15.523333333333332,0.0166666666666669,,,51.47916666666666,55.03583333333333,437.5591666666666,0.21875,7.895833333333333,81.56375,6.358750000000001,0.7579166666666666,,,61.76,60.03,49.07,66.24,65.16,51.87,415.37,552.94,338.1,0.95,0.95,0.79,12.85,11.77,5.11,92.69,39.16,104.34,16.025000000000002,6.31,10.81,0.0,1.13,0.0,,,,,,,104.0,65.0,82.0,,,,,,,,,,,,,,
1760338800.0,2025-10-13 07:00:00,2025-10-13 12:30:00,58.36,62.27,,,381.31,0.95,8.18,120.29,15.17,0.0,97.22896551724138,62.27,97.0,Satisfactory,12.0,13.0,0.0,10.0,61.28999999999999,65.61,402.11,0.95,10.740000000000002,106.18333333333334,15.74,0.0133333333333336,,,51.984166666666674,55.61083333333334,439.8754166666666,0.2454166666666666,8.129583333333334,81.52541666666667,6.673750000000001,0.7579166666666666,,,63.75,61.88,46.24,68.32,66.25,48.47,409.65,445.96,325.72,0.95,0.95,0.31,11.19,12.83,2.57,105.57,80.45,121.21,16.025000000000002,14.52,7.61,0.04,0.01,0.0,,,,,,,110.0,104.0,77.0,,,,,,,,,,,,,,
1760342400.0,2025-10-13 08:00:00,2025-10-13 13:30:00,55.28,58.62,,,371.5,0.45,5.9,125.95,10.98,0.0,92.0248275862069,58.62,92.0,Satisfactory,13.0,13.0,0.0,10.0,59.13,63.06999999999999,387.4866666666667,0.7833333333333333,8.423333333333334,117.27000000000002,14.058333333333332,0.0133333333333336,,,52.48041666666666,56.16708333333333,442.0041666666666,0.2558333333333333,8.3,81.46958333333333,6.889583333333333,0.7579166666666666,,,58.36,61.76,43.37,62.27,66.24,45.27,381.31,415.37,320.41,0.95,0.95,0.2,8.18,12.85,1.81,120.29,92.69,127.29,15.17,16.025000000000002,5.8,0.0,0.0,0.0,,,,,,,97.0,104.0,72.0,,,,,,,,,,,,,,
1760346000.0,2025-10-13 09:00:00,2025-10-13 14:30:00,56.77,59.71,,,374.97,0.26,5.09,128.03,8.84,0.0,94.54241379310346,59.71,95.0,Satisfactory,14.0,13.0,0.0,10.0,56.803333333333335,60.2,375.9266666666667,0.5533333333333333,6.390000000000003,124.75666666666667,11.663333333333332,0.0,,,53.02708333333334,56.76125,444.215,0.2591666666666666,8.438749999999999,81.34583333333333,7.042916666666667,0.7579166666666666,,,55.28,63.75,43.65,58.62,68.32,45.45,371.5,409.65,321.91,0.45,0.95,0.18,5.9,11.19,1.76,125.95,105.57,131.0,10.98,16.025000000000002,5.16,0.0,0.04,0.0,,,,,,,92.0,110.0,72.0,,,,,,,,,,,,,,
1760349600.0,2025-10-13 10:00:00,2025-10-13 15:30:00,57.84,60.57,,,376.13,0.19,5.21,127.12,7.93,0.0,96.3503448275862,60.57,96.0,Satisfactory,15.0,13.0,0.0,10.0,56.63,59.633333333333326,374.2,0.3000000000000001,5.400000000000002,127.03333333333336,9.249999999999998,0.0,,,53.56125,57.33125,446.2545833333333,0.2591666666666666,8.56375,81.15625,7.167083333333334,0.7579166666666666,,,56.77,58.36,45.02,59.71,62.27,46.89,374.97,381.31,327.18,0.26,0.95,0.19,5.09,8.18,2.21,128.03,120.29,131.67,8.84,15.17,4.95,0.0,0.0,0.0,,,,,,,95.0,97.0,75.0,,,,,,,,,,,,,,
1760353200.0,2025-10-13 11:00:00,2025-10-13 16:30:00,55.48,58.27,,,370.83,0.13,6.32,121.83,7.7,0.0,92.36275862068965,58.27,92.0,Satisfactory,16.0,13.0,0.0,10.0,56.69666666666666,59.51666666666666,373.9766666666667,0.1933333333333334,5.540000000000003,125.66,8.156666666666665,0.0,,,53.930416666666666,57.73166666666666,447.6666666666667,0.2575,8.68875,80.84875000000001,7.2775,0.7579166666666666,,,57.84,55.28,46.62,60.57,58.62,48.66,376.13,371.5,336.94,0.19,0.45,0.17,5.21,5.9,3.32,127.12,125.95,129.21,7.93,10.98,5.05,0.0,0.0,0.0,,,,,,,96.0,92.0,77.0,,,,,,,,,,,,,,
1760356800.0,2025-10-13 12:00:00,2025-10-13 17:30:00,50.35,53.19,,,362.85,0.05,7.77,114.47,7.45,0.0,83.6948275862069,53.19,84.0,Satisfactory,17.0,13.0,0.0,10.0,54.556666666666665,57.34333333333333,369.93666666666667,0.1233333333333334,6.433333333333336,121.14,7.693333333333331,0.0,,,54.06333333333333,57.89083333333334,448.3470833333333,0.2570833333333333,8.802916666666667,80.42416666666666,7.367916666666666,0.7579166666666666,,,55.48,56.77,47.16,58.27,59.71,49.37,370.83,374.97,346.52,0.13,0.26,0.06,6.32,5.09,5.03,121.83,128.03,124.66,7.7,8.84,5.28,0.0,0.0,0.0,,,,,,,92.0,95.0,78.0,,,,,,,,,,,,,,
1760360400.0,2025-10-13 13:00:00,2025-10-13 18:30:00,45.31,48.46,,,366.77,0.0,9.64,101.57,6.8,0.07,75.17896551724138,48.46,75.0,Satisfactory,18.0,13.0,0.0,10.0,50.38,53.306666666666665,366.81666666666666,0.06,7.910000000000003,112.62333333333332,7.316666666666664,0.0233333333333336,,,53.98791666666667,57.83541666666667,448.44166666666666,0.2570833333333333,8.902500000000002,79.94500000000001,7.441666666666666,0.7575,,,50.35,57.84,47.12,53.19,60.57,49.79,362.85,376.13,364.5,0.05,0.19,0.0,7.77,5.21,7.25,114.47,127.12,113.07,7.45,7.93,5.03,0.0,0.0,0.08,,,,,,,84.0,96.0,78.0,,,,,,,,,,,,,,
1760364000.0,2025-10-13 14:00:00,2025-10-13 19:30:00,42.17,46.2,,,390.92,0.0,11.34,87.43,5.96,0.63,69.87344827586207,46.2,70.0,Satisfactory,19.0,13.0,0.0,10.0,45.94333333333333,49.28333333333333,373.5133333333333,0.0166666666666667,9.583333333333336,101.15666666666668,6.736666666666665,0.2333333333333336,,,53.76916666666667,57.62833333333334,448.1870833333333,0.2570833333333333,8.982083333333334,79.48625,7.487916666666667,0.7579166666666667,,,45.31,55.48,47.42,48.46,58.27,51.17,366.77,370.83,397.03,0.0,0.13,0.0,9.64,6.32,9.43,101.57,121.83,98.44,6.8,7.7,4.85,0.07,0.0,0.62,,,,,,,75.0,92.0,79.0,,,,,,,,,,,,,,
1760367600.0,2025-10-13 15:00:00,2025-10-13 20:30:00,40.07,44.96,,,415.05,0.0,11.77,77.76,5.3,1.04,66.3251724137931,44.96,66.0,Satisfactory,20.0,13.0,0.0,10.0,42.51666666666666,46.53999999999999,390.91333333333336,0.0,10.91666666666667,88.92,6.019999999999997,0.5800000000000003,,,53.44958333333333,57.30708333333333,447.6675,0.2570833333333333,9.0375,79.10166666666667,7.49875,0.75,,,42.17,50.35,47.74,46.2,53.19,52.67,390.92,362.85,427.52,0.0,0.05,0.0,11.34,7.77,10.44,87.43,114.47,86.99,5.96,7.45,5.04,0.63,0.0,1.23,,,,,,,70.0,84.0,79.0,,,,,,,,,,,,,,
1760371200.0,2025-10-13 16:00:00,2025-10-13 21:30:00,37.99,43.24,,,428.62,0.0,11.16,70.31,4.62,1.16,62.81068965517242,43.24,63.0,Satisfactory,21.0,13.0,0.0,10.0,40.07666666666666,44.79999999999999,411.53,0.0,11.423333333333336,78.50000000000001,5.29333333333333,0.9433333333333336,,,53.05583333333333,56.8975,446.9679166666667,0.2570833333333333,9.066666666666666,78.81833333333334,7.484999999999999,0.73,,,40.07,45.31,47.44,44.96,48.46,53.07,415.05,366.77,445.41,0.0,0.0,0.0,11.77,9.64,10.46,77.76,101.57,77.11,5.3,6.8,4.95,1.04,0.07,1.64,,,,,,,66.0,75.0,79.0,,,,,,,,,,,,,,
1760374800.0,2025-10-13 17:00:00,2025-10-13 22:30:00,37.14,42.29,,,442.32,0.0,10.42,65.3,4.25,1.12,61.37448275862069,42.29,61.0,Satisfactory,22.0,13.0,0.0,10.0,38.4,43.49666666666666,428.66333333333336,0.0,11.116666666666667,71.12333333333335,4.723333333333331,1.1066666666666671,,,52.59875,56.406666666666666,445.99458333333337,0.2570833333333333,9.077083333333334,78.66708333333334,7.472916666666666,0.7079166666666667,,,37.99,42.17,48.11,43.24,46.2,54.07,428.62,390.92,465.68,0.0,0.0,0.0,11.16,11.34,10.17,70.31,87.43,68.93,4.62,5.96,4.54,1.16,0.63,1.65,,,,,,,63.0,70.0,80.0,,,,,,,,,,,,,,
1760378400.0,2025-10-13 18:00:00,2025-10-13 23:30:00,37.44,41.71,,,446.33,0.0,9.49,63.93,4.18,0.94,61.881379310344826,41.71,62.0,Satisfactory,23.0,13.0,0.0,10.0,37.52333333333333,42.41333333333333,439.09,0.0,10.35666666666667,66.51333333333334,4.349999999999998,1.0733333333333337,,,52.10583333333333,55.859583333333326,444.5508333333333,0.2570833333333333,9.067916666666669,78.69250000000001,7.476666666666667,0.6875,,,37.14,40.07,49.27,42.29,44.96,54.84,442.32,415.05,480.98,0.0,0.0,0.0,10.42,11.77,9.71,65.3,77.76,63.32,4.25,5.3,4.09,1.12,1.04,1.43,,,,,,,61.0,66.0,82.0,,,,,,,,,,,,,,
1760382000.0,2025-10-13 19:00:00,2025-10-14 00:30:00,38.94,41.95,,,435.14,0.0,7.91,66.65,4.08,0.75,64.41586206896551,41.95,64.0,Satisfactory,0.0,14.0,1.0,10.0,37.84,41.98333333333333,441.2633333333333,0.0,9.273333333333335,65.29333333333334,4.169999999999997,0.9366666666666668,,,51.63041666666667,55.32291666666666,442.36208333333326,0.2570833333333333,9.018333333333333,79.03375,7.484999999999999,0.6687500000000001,,,37.44,37.99,50.35,41.71,43.24,54.83,446.33,428.62,487.67,0.0,0.0,0.0,9.49,11.16,9.1,63.93,70.31,58.46,4.18,4.62,3.88,0.94,1.16,1.2,,,,,,,62.0,63.0,84.0,,,,,,,,,,,,,,
1760385600.0,2025-10-13 20:00:00,2025-10-14 01:30:00,41.59,44.36,,,445.14,0.0,7.12,63.52,3.68,0.77,68.89344827586207,44.36,69.0,Satisfactory,1.0,14.0,1.0,10.0,39.32333333333332,42.673333333333325,442.2033333333333,0.0,8.173333333333336,64.70000000000002,3.979999999999997,0.8200000000000003,,,51.219166666666666,54.870000000000005,440.12750000000005,0.2570833333333333,8.955833333333333,79.45708333333333,7.470416666666666,0.64875,,,38.94,37.14,51.46,41.95,42.29,55.23,435.14,442.32,498.77,0.0,0.0,0.0,7.91,10.42,8.62,66.65,65.3,53.36,4.08,4.25,4.03,0.75,1.12,1.25,,,,,,,64.0,61.0,86.0,,,,,,,,,,,,,,
1760389200.0,2025-10-13 21:00:00,2025-10-14 02:30:00,43.9,46.56,,,455.73,0.0,6.44,59.67,3.26,0.85,72.79655172413793,46.56,73.0,Satisfactory,2.0,14.0,1.0,10.0,41.47666666666666,44.29,445.3366666666666,0.0,7.156666666666669,63.28000000000001,3.67333333333333,0.7900000000000004,,,50.873333333333335,54.49958333333333,438.0916666666667,0.2570833333333333,8.88875,79.84416666666667,7.4195833333333345,0.6254166666666666,,,41.59,37.44,52.2,44.36,41.71,55.45,445.14,446.33,504.59,0.0,0.0,0.0,7.12,9.49,8.05,63.52,63.93,50.38,3.68,4.18,4.48,0.77,0.94,1.41,,,,,,,69.0,62.0,87.0,,,,,,,,,,,,,,
1760392800.0,2025-10-13 22:00:00,2025-10-14 03:30:00,46.34,48.98,,,468.14,0.0,5.97,55.97,2.82,0.95,76.9193103448276,48.98,77.0,Satisfactory,3.0,14.0,1.0,10.0,43.94333333333333,46.633333333333326,456.3366666666666,0.0,6.5100000000000025,59.720000000000006,3.2533333333333307,0.8566666666666669,,,50.60166666666666,54.21875,436.3375,0.2570833333333333,8.816249999999998,80.22500000000001,7.336250000000001,0.6,,,43.9,38.94,52.86,46.56,41.95,55.72,455.73,435.14,510.24,0.0,0.0,0.0,6.44,7.91,7.71,59.67,66.65,46.83,3.26,4.08,4.82,0.85,0.75,1.56,,,,,,,73.0,64.0,88.0,,,,,,,,,,,,,,
1760396400.0,2025-10-13 23:00:00,2025-10-14 04:30:00,48.69,51.33,,,481.2,0.0,5.7,52.4,2.48,0.98,80.89,51.33,81.0,Satisfactory,4.0,14.0,1.0,10.0,46.31,48.956666666666656,468.35666666666674,0.0,6.036666666666669,56.01333333333334,2.853333333333332,0.9266666666666667,,,50.392500000000005,54.01083333333333,434.86000000000007,0.2570833333333333,8.743333333333334,80.6375,7.236666666666667,0.5829166666666666,,,46.34,41.59,53.71,48.98,44.36,56.32,468.14,445.14,516.66,0.0,0.0,0.0,5.97,7.12,7.45,55.97,63.52,42.5,2.82,3.68,4.87,0.95,0.77,1.39,,,,,,,77.0,69.0,89.0,,,,,,,,,,,,,,
1760400000.0,2025-10-14 00:00:00,2025-10-14 05:30:00,50.42,53.04,,,491.2,0.0,5.66,49.32,2.28,0.97,83.81310344827587,53.04,84.0,Satisfactory,5.0,14.0,1.0,10.0,48.48333333333333,51.11666666666665,480.18,0.0,5.776666666666668,52.56333333333334,2.526666666666664,0.9666666666666668,,,50.220416666666665,53.84666666666666,433.61,0.2570833333333333,8.669166666666667,81.01708333333333,7.122916666666666,0.5720833333333334,,,48.69,43.9,54.55,51.33,46.56,56.98,481.2,455.73,521.2,0.0,0.0,0.0,5.7,6.44,7.44,52.4,59.67,40.21,2.48,3.26,5.01,0.98,0.85,1.23,,,,,,,81.0,73.0,91.0,,,,,,,,,,,,,,
1760403600.0,2025-10-14 01:00:00,2025-10-14 06:30:00,50.76,53.4,,,496.5,0.0,6.04,46.36,2.26,0.95,84.38758620689654,53.4,84.0,Satisfactory,6.0,14.0,1.0,10.0,49.956666666666656,52.59,489.63333333333327,0.0,5.800000000000003,49.360000000000014,2.3399999999999976,0.9666666666666668,,,50.00791666666667,53.62791666666666,432.2920833333333,0.2566666666666666,8.582916666666666,81.33708333333333,7.009999999999999,0.5633333333333334,,,50.42,46.34,55.86,53.04,48.98,58.65,491.2,468.14,528.13,0.0,0.0,0.01,5.66,5.97,8.11,49.32,55.97,38.68,2.28,2.82,4.97,0.97,0.95,1.16,,,,,,,84.0,77.0,93.0,,,,,,,,,,,,,,
1760407200.0,2025-10-14 02:00:00,2025-10-14 07:30:00,49.76,52.96,,,505.14,0.11,7.5,42.87,2.47,1.04,82.69793103448276,52.96,83.0,Satisfactory,7.0,14.0,1.0,10.0,50.313333333333325,53.133333333333326,497.6133333333333,0.0366666666666667,6.400000000000002,46.18333333333334,2.336666666666664,0.9866666666666668,,,49.6675,53.251666666666665,430.4045833333334,0.2474999999999999,8.469583333333333,81.60916666666667,6.891249999999999,0.5583333333333332,,,50.76,48.69,57.93,53.4,51.33,61.99,496.5,481.2,550.44,0.0,0.0,0.33,6.04,5.7,10.22,46.36,52.4,36.34,2.26,2.48,5.32,0.95,0.98,1.16,,,,,,,84.0,81.0,97.0,,,,,,,,,,,,,,
1760410800.0,2025-10-14 03:00:00,2025-10-14 08:30:00,47.74,51.45,,,504.16,0.63,8.97,43.85,2.89,1.09,79.2848275862069,51.45,79.0,Satisfactory,8.0,14.0,1.0,10.0,49.42,52.60333333333333,501.9333333333333,0.2466666666666667,7.503333333333336,44.360000000000014,2.539999999999998,1.026666666666667,,,49.15541666666667,52.68041666666667,428.37208333333336,0.2341666666666666,8.352916666666667,81.80458333333333,6.74875,0.5566666666666668,,,49.76,50.42,60.03,52.96,53.04,65.16,505.14,491.2,552.94,0.11,0.0,0.95,7.5,5.66,11.77,42.87,49.32,39.16,2.47,2.28,6.31,1.04,0.97,1.13,,,,,,,83.0,84.0,65.0,,,,,,,,,,,,,,
1760414400.0,2025-10-14 04:00:00,2025-10-14 09:30:00,31.06,33.2,,,317.44,0.52,5.71,65.86,5.09,0.07,51.101379310344825,33.2,51.0,Satisfactory,9.0,14.0,1.0,10.0,42.853333333333325,45.87,442.2466666666666,0.4200000000000001,7.393333333333337,50.86000000000001,3.4833333333333307,0.7333333333333337,,,47.87125,51.303333333333335,423.01708333333335,0.21625,8.05625,81.19666666666667,6.355833333333334,0.5591666666666667,,,47.74,50.76,61.88,51.45,53.4,66.25,504.16,496.5,445.96,0.63,0.0,0.95,8.97,6.04,12.83,43.85,46.36,80.45,2.89,2.26,14.52,1.09,0.95,0.01,,,,,,,79.0,84.0,104.0,,,,,,,,,,,,,,
1760418000.0,2025-10-14 05:00:00,2025-10-14 10:30:00,22.56,24.23,,,248.51,0.45,3.88,68.64,4.39,0.05,37.6,24.23,38.0,Good,10.0,14.0,1.0,10.0,33.78666666666666,36.29333333333333,356.7033333333334,0.5333333333333333,6.18666666666667,59.45000000000001,4.12333333333333,0.4033333333333337,,,46.23791666666667,49.55291666666667,416.0645833333333,0.1954166666666666,7.6825,80.19458333333334,5.871041666666667,0.56125,,,31.06,49.76,61.76,33.2,52.96,66.24,317.44,505.14,415.37,0.52,0.11,0.95,5.71,7.5,12.85,65.86,42.87,92.69,5.09,2.47,16.025000000000002,0.07,1.04,0.0,,,,,,,51.0,83.0,104.0,,,,,,,,,,,,,,
1760421600.0,2025-10-14 06:00:00,2025-10-14 11:30:00,21.16,22.72,,,220.6,0.32,2.87,74.34,4.11,0.07,35.266666666666666,22.72,35.0,Good,11.0,14.0,1.0,10.0,24.92666666666666,26.716666666666665,262.18333333333334,0.4300000000000001,4.153333333333336,69.61333333333334,4.529999999999998,0.0633333333333336,,,44.46333333333334,47.65291666666667,408.1875,0.1691666666666667,7.335833333333333,78.89333333333333,5.374583333333334,0.5625,,,22.56,47.74,63.75,24.23,51.45,68.32,248.51,504.16,409.65,0.45,0.63,0.95,3.88,8.97,11.19,68.64,43.85,105.57,4.39,2.89,16.025000000000002,0.05,1.09,0.04,,,,,,,38.0,79.0,110.0,,,,,,,,,,,,,,
1760425200.0,2025-10-14 07:00:00,2025-10-14 12:30:00,19.91,21.39,,,198.2,0.24,2.32,78.08,4.02,0.11,33.18333333333334,21.39,33.0,Good,12.0,14.0,1.0,10.0,21.20999999999999,22.78,222.43666666666664,0.3366666666666667,3.023333333333336,73.68666666666667,4.173333333333331,0.0766666666666669,,,42.861250000000005,45.94958333333333,400.5579166666667,0.1395833333333333,7.091666666666666,77.13458333333334,4.91,0.5670833333333333,,,21.16,31.06,58.36,22.72,33.2,62.27,220.6,317.44,381.31,0.32,0.52,0.95,2.87,5.71,8.18,74.34,65.86,120.29,4.11,5.09,15.17,0.07,0.07,0.0,,,,,,,35.0,51.0,97.0,,,,,,,,,,,,,,
1760428800.0,2025-10-14 08:00:00,2025-10-14 13:30:00,17.3,18.72,,,178.49,0.21,2.13,77.36,3.78,0.14,28.833333333333336,18.72,29.0,Good,13.0,14.0,1.0,10.0,19.45666666666666,20.943333333333328,199.09666666666664,0.2566666666666667,2.4400000000000026,76.59333333333335,3.9699999999999975,0.1066666666666669,,,41.27875,44.287083333333335,392.5158333333334,0.1295833333333333,6.934583333333332,75.11,4.61,0.5729166666666666,,,19.91,22.56,55.28,21.39,24.23,58.62,198.2,248.51,371.5,0.24,0.45,0.45,2.32,3.88,5.9,78.08,68.64,125.95,4.02,4.39,10.98,0.11,0.05,0.0,,,,,,,33.0,38.0,92.0,,,,,,,,,,,,,,
1760432400.0,2025-10-14 09:00:00,2025-10-14 14:30:00,13.57,14.95,,,159.24,0.2,2.05,73.28,3.45,0.19,22.616666666666667,14.95,23.0,Good,14.0,14.0,1.0,10.0,16.926666666666662,18.353333333333328,178.64333333333332,0.2166666666666667,2.166666666666669,76.24,3.749999999999998,0.1466666666666669,,,39.47875,42.42208333333333,383.5270833333333,0.1270833333333333,6.807916666666667,72.82875,4.385416666666667,0.5808333333333333,,,17.3,21.16,56.77,18.72,22.72,59.71,178.49,220.6,374.97,0.21,0.32,0.26,2.13,2.87,5.09,77.36,74.34,128.03,3.78,4.11,8.84,0.14,0.07,0.0,,,,,,,29.0,35.0,95.0,,,,,,,,,,,,,,
1760436000.0,2025-10-14 10:00:00,2025-10-14 15:30:00,9.97,11.43,,,146.16,0.26,2.2,67.43,3.28,0.31,16.616666666666667,11.43,17.0,Good,15.0,14.0,1.0,10.0,13.613333333333328,15.03333333333333,161.29666666666668,0.2233333333333334,2.1266666666666687,72.69000000000001,3.5033333333333307,0.2133333333333336,,,37.48416666666667,40.37458333333333,373.945,0.13,6.6825,70.34166666666667,4.191666666666666,0.59375,,,13.57,19.91,57.84,14.95,21.39,60.57,159.24,198.2,376.13,0.2,0.24,0.19,2.05,2.32,5.21,73.28,78.08,127.12,3.45,4.02,7.93,0.19,0.11,0.0,,,,,,,23.0,33.0,96.0,,,,,,,,,,,,,,
1760439600.0,2025-10-14 11:00:00,2025-10-14 16:30:00,7.54,9.23,,,142.36,0.36,2.81,60.98,3.35,0.49,12.566666666666666,9.23,13.0,Good,16.0,14.0,1.0,10.0,10.359999999999994,11.869999999999996,149.25333333333333,0.2733333333333334,2.353333333333336,67.23,3.3599999999999977,0.3300000000000003,,,35.486666666666665,38.33125,364.4254166666667,0.1395833333333333,6.53625,67.80624999999999,4.010416666666667,0.6141666666666666,,,9.97,17.3,55.48,11.43,18.72,58.27,146.16,178.49,370.83,0.26,0.21,0.13,2.2,2.13,6.32,67.43,77.36,121.83,3.28,3.78,7.7,0.31,0.14,0.0,,,,,,,17.0,29.0,92.0,,,,,,,,,,,,,,
1760443200.0,2025-10-14 12:00:00,2025-10-14 17:30:00,5.83,7.78,,,144.79,0.28,4.21,53.09,3.51,0.64,9.716666666666669,7.78,10.0,Good,17.0,14.0,1.0,10.0,7.779999999999993,9.479999999999997,144.43666666666664,0.3000000000000001,3.0733333333333355,60.50000000000001,3.379999999999997,0.4800000000000002,,,33.63166666666667,36.439166666666665,355.33958333333334,0.1491666666666666,6.3879166666666665,65.24874999999999,3.84625,0.6408333333333333,,,7.54,13.57,50.35,9.23,14.95,53.19,142.36,159.24,362.85,0.36,0.2,0.05,2.81,2.05,7.77,60.98,73.28,114.47,3.35,3.45,7.45,0.49,0.19,0.0,,,,,,,13.0,23.0,84.0,,,,,,,,,,,,,,
1760446800.0,2025-10-14 13:00:00,2025-10-14 18:30:00,5.6,8.48,,,180.55,0.01,8.42,40.1,3.23,1.21,9.333333333333334,8.48,9.0,Good,18.0,14.0,1.0,10.0,6.323333333333326,8.496666666666663,155.9,0.2166666666666667,5.146666666666669,51.39000000000001,3.363333333333331,0.7800000000000002,,,31.977083333333336,34.77333333333333,347.5804166666667,0.1495833333333333,6.337083333333333,62.6875,3.6975,0.6883333333333334,,,5.83,9.97,45.31,7.78,11.43,48.46,144.79,146.16,366.77,0.28,0.26,0.0,4.21,2.2,9.64,53.09,67.43,101.57,3.51,3.28,6.8,0.64,0.31,0.07,,,,,,,10.0,17.0,75.0,,,,,,,,,,,,,,
1760450400.0,2025-10-14 14:00:00,2025-10-14 19:30:00,6.96,11.65,,,243.08,0.02,12.72,28.48,3.04,1.89,11.6,11.65,12.0,Good,19.0,14.0,1.0,10.0,6.129999999999993,9.30333333333333,189.47333333333336,0.1033333333333334,8.450000000000003,40.55666666666668,3.259999999999998,1.2466666666666668,,,30.509999999999994,33.33375,341.42041666666665,0.1504166666666666,6.394583333333334,60.23125,3.5758333333333336,0.7408333333333333,,,5.6,7.54,42.17,8.48,9.23,46.2,180.55,142.36,390.92,0.01,0.36,0.0,8.42,2.81,11.34,40.1,60.98,87.43,3.23,3.35,5.96,1.21,0.49,0.63,,,,,,,9.0,13.0,70.0,,,,,,,,,,,,,,
1760454000.0,2025-10-14 15:00:00,2025-10-14 20:30:00,8.91,15.46,,,297.83,0.06,14.84,21.71,3.19,2.36,14.85,15.46,15.0,Good,20.0,14.0,1.0,10.0,7.156666666666659,11.86333333333333,240.48666666666668,0.03,11.993333333333334,30.096666666666668,3.153333333333331,1.8200000000000005,,,29.21166666666667,32.10458333333333,336.53625000000005,0.1529166666666666,6.5225,57.895833333333336,3.4879166666666666,0.7958333333333334,,,6.96,5.83,40.07,11.65,7.78,44.96,243.08,144.79,415.05,0.02,0.28,0.0,12.72,4.21,11.77,28.48,53.09,77.76,3.04,3.51,5.3,1.89,0.64,1.04,,,,,,,12.0,10.0,66.0,,,,,,,,,,,,,,
1760457600.0,2025-10-14 16:00:00,2025-10-14 21:30:00,10.59,17.97,,,331.84,0.16,15.03,18.19,3.27,2.54,17.650000000000002,17.97,18.0,Good,21.0,14.0,1.0,10.0,8.819999999999993,15.026666666666662,290.9166666666667,0.08,14.19666666666667,22.79333333333334,3.1666666666666643,2.2633333333333336,,,28.07,31.051666666666662,332.50375,0.1595833333333333,6.68375,55.72416666666666,3.431666666666666,0.8533333333333334,,,8.91,5.6,37.99,15.46,8.48,43.24,297.83,180.55,428.62,0.06,0.01,0.0,14.84,8.42,11.16,21.71,40.1,70.31,3.19,3.23,4.62,2.36,1.21,1.16,,,,,,,15.0,9.0,63.0,,,,,,,,,,,,,,
1760461200.0,2025-10-14 17:00:00,2025-10-14 22:30:00,11.59,18.61,,,345.74,0.31,14.21,17.35,3.28,2.38,19.316666666666663,18.61,19.0,Good,22.0,14.0,1.0,10.0,10.363333333333326,17.346666666666664,325.1366666666667,0.1766666666666667,14.693333333333335,19.08333333333334,3.2466666666666644,2.426666666666667,,,27.005416666666665,30.065,328.4795833333333,0.1725,6.841666666666666,53.72625,3.39125,0.9058333333333334,,,10.59,6.96,37.14,17.97,11.65,42.29,331.84,243.08,442.32,0.16,0.02,0.0,15.03,12.72,10.42,18.19,28.48,65.3,3.27,3.04,4.25,2.54,1.89,1.12,,,,,,,18.0,12.0,61.0,,,,,,,,,,,,,,
1760464800.0,2025-10-14 18:00:00,2025-10-14 23:30:00,11.71,17.48,,,336.4,0.45,13.05,18.22,3.28,2.02,19.51666666666667,17.48,20.0,Good,23.0,14.0,1.0,10.0,11.29666666666666,18.02,337.99333333333334,0.3066666666666667,14.09666666666667,17.920000000000005,3.276666666666664,2.313333333333333,,,25.933333333333334,29.05541666666667,323.89916666666664,0.19125,6.990000000000001,51.821666666666665,3.35375,0.9508333333333332,,,11.59,8.91,37.44,18.61,15.46,41.71,345.74,297.83,446.33,0.31,0.06,0.0,14.21,14.84,9.49,17.35,21.71,63.93,3.28,3.19,4.18,2.38,2.36,0.94,,,,,,,19.0,15.0,62.0,,,,,,,,,,,,,,
1760468400.0,2025-10-14 19:00:00,2025-10-15 00:30:00,11.22,15.15,,,304.11,0.4,11.79,19.59,4.22,1.6,18.700000000000003,15.15,19.0,Good,0.0,15.0,2.0,10.0,11.50666666666666,17.079999999999995,328.75,0.3866666666666667,13.016666666666673,18.38666666666667,3.5933333333333306,2.0,,,24.778333333333336,27.93875,318.4395833333333,0.2079166666666666,7.151666666666667,49.86083333333334,3.359583333333333,0.98625,,,11.71,10.59,38.94,17.48,17.97,41.95,336.4,331.84,435.14,0.45,0.16,0.0,13.05,15.03,7.91,18.22,18.19,66.65,3.28,3.27,4.08,2.02,2.54,0.75,,,,,,,20.0,18.0,64.0,,,,,,,,,,,,,,
1760472000.0,2025-10-14 20:00:00,2025-10-15 01:30:00,11.38,14.46,,,292.33,0.3,10.99,19.31,4.39,1.82,18.96666666666667,14.46,19.0,Good,1.0,15.0,2.0,10.0,11.43666666666666,15.696666666666664,310.94666666666666,0.3833333333333334,11.943333333333335,19.040000000000003,3.963333333333331,1.8133333333333328,,,23.519583333333333,26.692916666666665,312.0725,0.2204166666666666,7.312916666666667,48.01875,3.3891666666666667,1.03,,,11.22,11.59,41.59,15.15,18.61,44.36,304.11,345.74,445.14,0.4,0.31,0.0,11.79,14.21,7.12,19.59,17.35,63.52,4.22,3.28,3.68,1.6,2.38,0.77,,,,,,,19.0,19.0,69.0,,,,,,,,,,,,,,
1760475600.0,2025-10-14 21:00:00,2025-10-15 02:30:00,11.52,14.14,,,287.15,0.22,10.47,19.01,4.4,2.18,19.2,14.14,19.0,Good,2.0,15.0,2.0,10.0,11.373333333333326,14.58333333333333,294.53000000000003,0.3066666666666668,11.083333333333336,19.30333333333333,4.336666666666663,1.8666666666666671,,,22.170416666666668,25.34208333333333,305.04833333333335,0.2295833333333333,7.480833333333334,46.32458333333333,3.436666666666667,1.0854166666666667,,,11.38,11.71,43.9,14.46,17.48,46.56,292.33,336.4,455.73,0.3,0.45,0.0,10.99,13.05,6.44,19.31,18.22,59.67,4.39,3.28,3.26,1.82,2.02,0.85,,,,,,,19.0,20.0,73.0,,,,,,,,,,,,,,
1760479200.0,2025-10-14 22:00:00,2025-10-15 03:30:00,11.51,13.86,,,284.59,0.17,10.05,18.43,4.42,2.43,19.183333333333334,13.86,19.0,Good,3.0,15.0,2.0,10.0,11.469999999999994,14.15333333333333,288.0233333333333,0.23,10.503333333333336,18.91666666666667,4.403333333333332,2.143333333333334,,,20.719166666666663,23.87875,297.4004166666667,0.2366666666666667,7.650833333333334,44.76041666666666,3.5033333333333325,1.1470833333333332,,,11.52,11.22,46.34,14.14,15.15,48.98,287.15,304.11,468.14,0.22,0.4,0.0,10.47,11.79,5.97,19.01,19.59,55.97,4.4,4.22,2.82,2.18,1.6,0.95,,,,,,,19.0,19.0,77.0,,,,,,,,,,,,,,
1760482800.0,2025-10-14 23:00:00,2025-10-15 04:30:00,11.4,13.63,,,281.61,0.11,9.39,17.54,4.34,2.33,19.0,13.63,19.0,Good,4.0,15.0,2.0,10.0,11.47666666666666,13.876666666666663,284.45,0.1666666666666667,9.970000000000004,18.32666666666667,4.386666666666664,2.313333333333334,,,19.165416666666665,22.307916666666667,289.08416666666665,0.24125,7.804583333333333,43.30791666666667,3.580833333333333,1.2033333333333334,,,11.51,11.38,48.69,13.86,14.46,51.33,284.59,292.33,481.2,0.17,0.3,0.0,10.05,10.99,5.7,18.43,19.31,52.4,4.42,4.39,2.48,2.43,1.82,0.98,,,,,,,19.0,19.0,81.0,,,,,,,,,,,,,,
1760486400.0,2025-10-15 00:00:00,2025-10-15 05:30:00,11.11,13.25,,,278.26,0.1,8.66,16.64,4.07,1.86,18.516666666666666,13.25,19.0,Good,5.0,15.0,2.0,10.0,11.339999999999996,13.579999999999998,281.4866666666667,0.1266666666666668,9.366666666666667,17.536666666666672,4.276666666666665,2.206666666666667,,,17.5275,20.65,280.21166666666664,0.2454166666666667,7.929583333333333,41.94625,3.655416666666667,1.2404166666666667,,,11.4,11.52,50.42,13.63,14.14,53.04,281.61,287.15,491.2,0.11,0.22,0.0,9.39,10.47,5.66,17.54,19.01,49.32,4.34,4.4,2.28,2.33,2.18,0.97,,,,,,,19.0,19.0,84.0,,,,,,,,,,,,,,
1760490000.0,2025-10-15 01:00:00,2025-10-15 06:30:00,10.28,12.43,,,275.44,0.16,8.33,15.69,3.7,1.54,17.133333333333333,12.43,17.0,Good,6.0,15.0,2.0,10.0,10.929999999999993,13.10333333333333,278.43666666666667,0.1233333333333334,8.793333333333337,16.62333333333334,4.036666666666664,1.9100000000000004,,,15.84083333333333,18.942916666666665,271.00083333333333,0.2520833333333334,8.025,40.66833333333333,3.7154166666666666,1.265,,,11.11,11.51,50.76,13.25,13.86,53.4,278.26,284.59,496.5,0.1,0.17,0.0,8.66,10.05,6.04,16.64,18.43,46.36,4.07,4.42,2.26,1.86,2.43,0.95,,,,,,,19.0,19.0,84.0,,,,,,,,,,,,,,
1760493600.0,2025-10-15 02:00:00,2025-10-15 07:30:00,9.9,12.67,,,292.63,0.47,9.06,13.77,3.49,1.51,16.5,12.67,16.0,Good,7.0,15.0,2.0,10.0,10.429999999999993,12.78333333333333,282.11,0.2433333333333334,8.683333333333337,15.366666666666667,3.753333333333332,1.6366666666666667,,,14.18,17.264166666666668,262.14625,0.2670833333333333,8.09,39.45583333333333,3.7579166666666666,1.2845833333333334,,,10.28,11.4,49.76,12.43,13.63,52.96,275.44,281.61,505.14,0.16,0.11,0.11,8.33,9.39,7.5,15.69,17.54,42.87,3.7,4.34,2.47,1.54,2.33,1.04,,,,,,,17.0,19.0,83.0,,,,,,,,,,,,,,
1760497200.0,2025-10-15 03:00:00,2025-10-15 08:30:00,9.68,12.85,,,314.4,0.95,10.05,12.16,3.38,1.41,16.133333333333333,12.85,16.0,Good,8.0,15.0,2.0,10.0,9.953333333333326,12.649999999999997,294.15666666666664,0.5266666666666667,9.14666666666667,13.873333333333337,3.523333333333331,1.4866666666666666,,,12.594166666666668,15.655833333333334,254.2395833333333,0.2804166666666667,8.135,38.13541666666666,3.778333333333333,1.2979166666666668,,,9.9,11.11,47.74,12.67,13.25,51.45,292.63,278.26,504.16,0.47,0.1,0.63,9.06,8.66,8.97,13.77,16.64,43.85,3.49,4.07,2.89,1.51,1.86,1.09,,,,,,,16.0,19.0,79.0,,,,,,,,,,,,,,
1760500800.0,2025-10-15 04:00:00,2025-10-15 09:30:00,8.55,11.21,,,285.38,0.95,9.7,14.74,4.48,0.98,14.250000000000002,11.21,14.0,Good,9.0,15.0,2.0,10.0,9.37666666666666,12.24333333333333,297.47,0.79,9.603333333333335,13.556666666666672,3.783333333333331,1.3,,,11.65625,14.739583333333334,252.90375,0.2983333333333333,8.30125,36.00541666666667,3.752916666666666,1.3358333333333334,,,9.68,10.28,31.06,12.85,12.43,33.2,314.4,275.44,317.44,0.95,0.16,0.52,10.05,8.33,5.71,12.16,15.69,65.86,3.38,3.7,5.09,1.41,1.54,0.07,,,,,,,16.0,17.0,51.0,,,,,,,,,,,,,,
1760504400.0,2025-10-15 05:00:00,2025-10-15 10:30:00,6.96,9.21,,,256.42,0.95,8.74,17.52,4.29,0.8,11.6,9.21,12.0,Good,10.0,15.0,2.0,10.0,8.39666666666666,11.089999999999996,285.40000000000003,0.95,9.49666666666667,14.806666666666672,4.049999999999998,1.0633333333333337,,,11.00625,14.11375,253.2333333333333,0.3191666666666666,8.50375,33.87541666666667,3.7487500000000007,1.3670833333333332,,,8.55,9.9,22.56,11.21,12.67,24.23,285.38,292.63,248.51,0.95,0.47,0.45,9.7,9.06,3.88,14.74,13.77,68.64,4.48,3.49,4.39,0.98,1.51,0.05,,,,,,,14.0,16.0,38.0,,,,,,,,,,,,,,
1760508000.0,2025-10-15 06:00:00,2025-10-15 11:30:00,5.61,7.44,,,231.2,0.95,7.9,20.08,4.23,0.65,9.35,7.44,9.0,Good,11.0,15.0,2.0,10.0,7.039999999999993,9.286666666666664,257.6666666666667,0.95,8.780000000000003,17.446666666666673,4.333333333333331,0.8100000000000002,,,10.358333333333333,13.477083333333333,253.675,0.3454166666666666,8.713333333333333,31.61458333333333,3.75375,1.39125,,,6.96,9.68,21.16,9.21,12.85,22.72,256.42,314.4,220.6,0.95,0.95,0.32,8.74,10.05,2.87,17.52,12.16,74.34,4.29,3.38,4.11,0.8,1.41,0.07,,,,,,,12.0,16.0,35.0,,,,,,,,,,,,,,
1760511600.0,2025-10-15 07:00:00,2025-10-15 12:30:00,4.08,5.37,,,192.23,0.95,6.74,25.2,4.48,0.44,6.800000000000001,5.37,7.0,Good,12.0,15.0,2.0,10.0,5.549999999999993,7.339999999999996,226.61666666666667,0.95,7.793333333333336,20.933333333333337,4.333333333333331,0.6300000000000002,,,9.69875,12.809583333333334,253.42625,0.375,8.8975,29.41125,3.772916666666666,1.405,,,5.61,8.55,19.91,7.44,11.21,21.39,231.2,285.38,198.2,0.95,0.95,0.24,7.9,9.7,2.32,20.08,14.74,78.08,4.23,4.48,4.02,0.65,0.98,0.11,,,,,,,9.0,14.0,33.0,,,,,,,,,,,,,,
1760515200.0,2025-10-15 08:00:00,2025-10-15 13:30:00,3.6,4.7,,,178.95,0.71,6.73,26.2,4.19,0.39,6.0,4.7,6.0,Good,13.0,15.0,2.0,10.0,4.429999999999993,5.836666666666663,200.7933333333333,0.87,7.1233333333333375,23.82666666666667,4.299999999999998,0.4933333333333334,,,9.127916666666666,12.225416666666668,253.44541666666663,0.3958333333333333,9.089166666666667,27.27958333333333,3.79,1.415416666666667,,,4.08,6.96,17.3,5.37,9.21,18.72,192.23,256.42,178.49,0.95,0.95,0.21,6.74,8.74,2.13,25.2,17.52,77.36,4.48,4.29,3.78,0.44,0.8,0.14,,,,,,,7.0,12.0,29.0,,,,,,,,,,,,,,
1760518800.0,2025-10-15 09:00:00,2025-10-15 14:30:00,3.46,4.48,,,172.97,0.55,6.92,25.68,4.06,0.38,5.766666666666667,4.48,6.0,Good,14.0,15.0,2.0,10.0,3.7133333333333263,4.849999999999997,181.38333333333333,0.7366666666666668,6.7966666666666695,25.69333333333334,4.243333333333331,0.4033333333333335,,,8.706666666666667,11.789166666666668,254.0175,0.4104166666666666,9.292083333333332,25.29625,3.815416666666666,1.4233333333333331,,,3.6,5.61,13.57,4.7,7.44,14.95,178.95,231.2,159.24,0.71,0.95,0.2,6.73,7.9,2.05,26.2,20.08,73.28,4.19,4.23,3.45,0.39,0.65,0.19,,,,,,,6.0,9.0,23.0,,,,,,,,,,,,,,
1760522400.0,2025-10-15 10:00:00,2025-10-15 15:30:00,3.4,4.39,,,171.0,0.46,7.38,24.63,4.02,0.39,5.666666666666667,4.39,6.0,Good,15.0,15.0,2.0,10.0,3.48666666666666,4.52333333333333,174.30666666666664,0.5733333333333334,7.0100000000000025,25.50333333333334,4.089999999999997,0.3866666666666669,,,8.432916666666666,11.495833333333332,255.0525,0.4187499999999999,9.507916666666668,23.51291666666667,3.84625,1.4266666666666667,,,3.46,4.08,9.97,4.48,5.37,11.43,172.97,192.23,146.16,0.55,0.95,0.26,6.92,6.74,2.2,25.68,25.2,67.43,4.06,4.48,3.28,0.38,0.44,0.31,,,,,,,6.0,7.0,17.0,,,,,,,,,,,,,,
1760526000.0,2025-10-15 11:00:00,2025-10-15 16:30:00,3.45,4.45,,,172.44,0.28,8.36,22.18,4.05,0.42,5.750000000000001,4.45,6.0,Good,16.0,15.0,2.0,10.0,3.43666666666666,4.439999999999997,172.13666666666668,0.4300000000000001,7.553333333333335,24.163333333333338,4.04333333333333,0.3966666666666668,,,8.262500000000001,11.296666666666669,256.3058333333333,0.4154166666666667,9.739166666666668,21.89625,3.8754166666666654,1.42375,,,3.4,3.6,7.54,4.39,4.7,9.23,171.0,178.95,142.36,0.46,0.71,0.36,7.38,6.73,2.81,24.63,26.2,60.98,4.02,4.19,3.35,0.39,0.39,0.49,,,,,,,6.0,6.0,13.0,,,,,,,,,,,,,,
1760529600.0,2025-10-15 12:00:00,2025-10-15 17:30:00,3.49,4.52,,,174.98,0.12,9.45,19.42,3.95,0.44,5.816666666666667,4.52,6.0,Good,17.0,15.0,2.0,10.0,3.44666666666666,4.45333333333333,172.80666666666664,0.2866666666666668,8.396666666666668,22.07666666666667,4.006666666666664,0.4166666666666668,,,8.165000000000001,11.160833333333333,257.56375,0.4087499999999999,9.9575,20.49333333333333,3.89375,1.4154166666666663,,,3.45,3.46,5.83,4.45,4.48,7.78,172.44,172.97,144.79,0.28,0.55,0.28,8.36,6.92,4.21,22.18,25.68,53.09,4.05,4.06,3.51,0.42,0.38,0.64,,,,,,,6.0,6.0,10.0,,,,,,,,,,,,,,
1760533200.0,2025-10-15 13:00:00,2025-10-15 18:30:00,3.69,4.92,,,184.11,0.08,10.71,16.08,4.0,0.54,6.15,4.92,6.0,Good,18.0,15.0,2.0,10.0,3.5433333333333263,4.629999999999996,177.17666666666665,0.1600000000000001,9.50666666666667,19.22666666666667,3.999999999999998,0.4666666666666668,,,8.085416666666667,11.0125,257.71208333333334,0.4116666666666666,10.052916666666668,19.492500000000003,3.925833333333333,1.3875,,,3.49,3.4,5.6,4.52,4.39,8.48,174.98,171.0,180.55,0.12,0.46,0.01,9.45,7.38,8.42,19.42,24.63,40.1,3.95,4.02,3.23,0.44,0.39,1.21,,,,,,,6.0,6.0,9.0,,,,,,,,,,,,,,
1760536800.0,2025-10-15 14:00:00,2025-10-15 19:30:00,4.23,5.94,,,202.45,0.15,11.8,12.96,4.12,0.69,7.050000000000001,5.94,7.0,Good,19.0,15.0,2.0,10.0,3.803333333333326,5.126666666666663,187.18,0.1166666666666667,10.653333333333336,16.15333333333334,4.023333333333331,0.5566666666666668,,,7.971666666666667,10.774583333333332,256.01916666666665,0.4170833333333333,10.014583333333334,18.84583333333333,3.970833333333333,1.3375,,,3.69,3.45,6.96,4.92,4.45,11.65,184.11,172.44,243.08,0.08,0.28,0.02,10.71,8.36,12.72,16.08,22.18,28.48,4.0,4.05,3.04,0.54,0.42,1.89,,,,,,,6.0,6.0,12.0,,,,,,,,,,,,,,
1760540400.0,2025-10-15 15:00:00,2025-10-15 20:30:00,4.88,7.07,,,218.89,0.25,12.11,11.04,4.23,0.8,8.133333333333333,7.07,8.0,Good,20.0,15.0,2.0,10.0,4.26666666666666,5.976666666666663,201.81666666666663,0.16,11.540000000000004,13.360000000000005,4.1166666666666645,0.6766666666666667,,,7.80375,10.425,252.73,0.425,9.900833333333331,18.40125,4.014166666666667,1.2725,,,4.23,3.49,8.91,5.94,4.52,15.46,202.45,174.98,297.83,0.15,0.12,0.06,11.8,9.45,14.84,12.96,19.42,21.71,4.12,3.95,3.19,0.69,0.44,2.36,,,,,,,7.0,6.0,15.0,,,,,,,,,,,,,,
1760544000.0,2025-10-15 16:00:00,2025-10-15 21:30:00,5.35,7.75,,,228.06,0.33,11.62,10.05,4.16,0.85,8.916666666666666,7.75,9.0,Good,21.0,15.0,2.0,10.0,4.819999999999993,6.919999999999997,216.46666666666667,0.2433333333333334,11.843333333333335,11.350000000000003,4.169999999999998,0.7800000000000001,,,7.585416666666666,9.999166666666667,248.40583333333333,0.4320833333333333,9.75875,18.06208333333333,4.0512500000000005,1.2020833333333334,,,4.88,3.69,10.59,7.07,4.92,17.97,218.89,184.11,331.84,0.25,0.08,0.16,12.11,10.71,15.03,11.04,16.08,18.19,4.23,4.0,3.27,0.8,0.54,2.54,,,,,,,8.0,6.0,18.0,,,,,,,,,,,,,,
1760547600.0,2025-10-15 17:00:00,2025-10-15 22:30:00,5.73,8.19,,,235.2,0.37,11.11,9.54,3.94,0.87,9.55,8.19,10.0,Good,22.0,15.0,2.0,10.0,5.319999999999993,7.669999999999997,227.38333333333333,0.3166666666666667,11.613333333333337,10.210000000000004,4.109999999999998,0.8400000000000002,,,7.34125,9.565,243.8,0.4345833333333333,9.629583333333334,17.736666666666668,4.07875,1.1391666666666669,,,5.35,4.23,11.59,7.75,5.94,18.61,228.06,202.45,345.74,0.33,0.15,0.31,11.62,11.8,14.21,10.05,12.96,17.35,4.16,4.12,3.28,0.85,0.69,2.38,,,,,,,9.0,7.0,19.0,,,,,,,,,,,,,,
1760551200.0,2025-10-15 18:00:00,2025-10-15 23:30:00,5.82,8.03,,,233.73,0.32,10.87,9.1,3.72,0.81,9.7,8.03,10.0,Good,23.0,15.0,2.0,10.0,5.633333333333327,7.989999999999996,232.33,0.3400000000000001,11.200000000000005,9.563333333333338,3.9399999999999977,0.8433333333333334,,,7.095833333333334,9.17125,239.5220833333333,0.4291666666666666,9.53875,17.356666666666666,4.097083333333333,1.08875,,,5.73,4.88,11.71,8.19,7.07,17.48,235.2,218.89,336.4,0.37,0.25,0.45,11.11,12.11,13.05,9.54,11.04,18.22,3.94,4.23,3.28,0.87,0.8,2.02,,,,,,,10.0,8.0,20.0,,,,,,,,,,,,,,
1760554800.0,2025-10-15 19:00:00,2025-10-16 00:30:00,5.53,7.16,,,222.02,0.22,10.58,8.88,3.47,0.67,9.216666666666669,7.16,9.0,Good,0.0,16.0,3.0,10.0,5.693333333333327,7.7933333333333294,230.31666666666663,0.3033333333333334,10.853333333333335,9.173333333333336,3.7099999999999977,0.7833333333333335,,,6.858750000000001,8.838333333333333,236.1016666666667,0.4216666666666666,9.488333333333332,16.910416666666666,4.065833333333333,1.05,,,5.82,5.35,11.22,8.03,7.75,15.15,233.73,228.06,304.11,0.32,0.33,0.4,10.87,11.62,11.79,9.1,10.05,19.59,3.72,4.16,4.22,0.81,0.85,1.6,,,,,,,10.0,9.0,19.0,,,,,,,,,,,,,,
1760558400.0,2025-10-15 20:00:00,2025-10-16 01:30:00,5.48,6.79,,,217.4,0.25,10.11,8.7,3.26,0.65,9.133333333333336,6.79,9.0,Good,1.0,16.0,3.0,10.0,5.609999999999993,7.326666666666663,224.38333333333333,0.2633333333333334,10.520000000000003,8.893333333333338,3.483333333333331,0.7100000000000003,,,6.612916666666666,8.518749999999999,232.97958333333327,0.4195833333333333,9.451666666666666,16.468333333333334,4.01875,1.00125,,,5.53,5.73,11.38,7.16,8.19,14.46,222.02,235.2,292.33,0.22,0.37,0.3,10.58,11.11,10.99,8.88,9.54,19.31,3.47,3.94,4.39,0.67,0.87,1.82,,,,,,,9.0,10.0,19.0,,,,,,,,,,,,,,
1760562000.0,2025-10-15 21:00:00,2025-10-16 02:30:00,5.4,6.56,,,213.07,0.31,9.49,8.82,3.05,0.65,9.000000000000002,6.56,9.0,Good,2.0,16.0,3.0,10.0,5.469999999999993,6.836666666666663,217.49666666666667,0.26,10.060000000000002,8.800000000000004,3.2599999999999976,0.6566666666666668,,,6.357916666666667,8.202916666666667,229.89291666666665,0.4233333333333333,9.410833333333333,16.04375,3.9625,0.9375,,,5.48,5.82,11.52,6.79,8.03,14.14,217.4,233.73,287.15,0.25,0.32,0.22,10.11,10.87,10.47,8.7,9.1,19.01,3.26,3.72,4.4,0.65,0.81,2.18,,,,,,,9.0,10.0,19.0,,,,,,,,,,,,,,
1760565600.0,2025-10-15 22:00:00,2025-10-16 03:30:00,5.38,6.45,,,209.35,0.34,9.0,8.94,2.81,0.65,8.966666666666667,6.45,9.0,Good,3.0,16.0,3.0,10.0,5.419999999999994,6.599999999999997,213.2733333333333,0.3000000000000001,9.533333333333337,8.820000000000006,3.0399999999999974,0.65,,,6.102499999999999,7.894166666666666,226.75791666666663,0.4304166666666666,9.367083333333332,15.648333333333332,3.895416666666667,0.8633333333333334,,,5.4,5.53,11.51,6.56,7.16,13.86,213.07,222.02,284.59,0.31,0.22,0.17,9.49,10.58,10.05,8.82,8.88,18.43,3.05,3.47,4.42,0.65,0.67,2.43,,,,,,,9.0,9.0,19.0,,,,,,,,,,,,,,
1760569200.0,2025-10-15 23:00:00,2025-10-16 04:30:00,5.38,6.4,,,207.28,0.33,8.68,8.98,2.61,0.66,8.966666666666667,6.4,9.0,Good,4.0,16.0,3.0,10.0,5.38666666666666,6.469999999999996,209.9,0.3266666666666667,9.05666666666667,8.91333333333334,2.8233333333333306,0.6533333333333334,,,5.851666666666667,7.592916666666666,223.66083333333333,0.4395833333333334,9.3375,15.291666666666666,3.8233333333333337,0.7937500000000001,,,5.38,5.48,11.4,6.45,6.79,13.63,209.35,217.4,281.61,0.34,0.25,0.11,9.0,10.11,9.39,8.94,8.7,17.54,2.81,3.26,4.34,0.65,0.65,2.33,,,,,,,9.0,9.0,19.0,,,,,,,,,,,,,,
1760572800.0,2025-10-16 00:00:00,2025-10-16 05:30:00,5.39,6.39,,,205.56,0.32,8.51,9.01,2.52,0.66,8.983333333333333,6.39,9.0,Good,5.0,16.0,3.0,10.0,5.383333333333326,6.4133333333333296,207.39666666666668,0.33,8.730000000000002,8.976666666666672,2.6466666666666643,0.6566666666666668,,,5.613333333333333,7.307083333333334,220.63166666666663,0.44875,9.33125,14.97375,3.75875,0.74375,,,5.38,5.4,11.11,6.4,6.56,13.25,207.28,213.07,278.26,0.33,0.31,0.1,8.68,9.49,8.66,8.98,8.82,16.64,2.61,3.05,4.07,0.66,0.65,1.86,,,,,,,9.0,9.0,19.0,,,,,,,,,,,,,,
1760576400.0,2025-10-16 01:00:00,2025-10-16 06:30:00,5.33,6.46,,,202.01,0.33,8.37,9.25,2.35,0.65,8.883333333333335,6.46,9.0,Good,6.0,16.0,3.0,10.0,5.36666666666666,6.416666666666663,204.95,0.3266666666666667,8.520000000000003,9.080000000000004,2.493333333333331,0.6566666666666668,,,5.407083333333333,7.058333333333333,217.57208333333327,0.4558333333333333,9.332916666666668,14.705416666666666,3.7025,0.7066666666666667,,,5.39,5.38,10.28,6.39,6.45,12.43,205.56,209.35,275.44,0.32,0.34,0.16,8.51,9.0,8.33,9.01,8.94,15.69,2.52,2.81,3.7,0.66,0.65,1.54,,,,,,,9.0,9.0,17.0,,,,,,,,,,,,,,
1760580000.0,2025-10-16 02:00:00,2025-10-16 07:30:00,5.5,7.1,,,207.07,0.62,8.63,9.24,2.53,0.71,9.166666666666668,7.1,9.0,Good,7.0,16.0,3.0,10.0,5.406666666666659,6.649999999999996,204.88,0.4233333333333334,8.503333333333336,9.166666666666671,2.466666666666665,0.6733333333333335,,,5.22375,6.826250000000001,214.00708333333333,0.4620833333333333,9.315,14.516666666666667,3.6625,0.6733333333333333,,,5.33,5.38,9.9,6.46,6.4,12.67,202.01,207.28,292.63,0.33,0.33,0.47,8.37,8.68,9.06,9.25,8.98,13.77,2.35,2.61,3.49,0.65,0.66,1.51,,,,,,,9.0,9.0,16.0,,,,,,,,,,,,,,
1760583600.0,2025-10-16 03:00:00,2025-10-16 08:30:00,5.51,7.35,,,211.1,0.95,8.71,9.87,2.96,0.72,9.183333333333334,7.35,9.0,Good,8.0,16.0,3.0,10.0,5.446666666666659,6.969999999999996,206.72666666666663,0.6333333333333334,8.570000000000002,9.453333333333338,2.613333333333331,0.6933333333333335,,,5.05,6.597083333333334,209.70291666666665,0.4620833333333333,9.259166666666667,14.42125,3.645,0.6445833333333333,,,5.5,5.39,9.68,7.1,6.39,12.85,207.07,205.56,314.4,0.62,0.32,0.95,8.63,8.51,10.05,9.24,9.01,12.16,2.53,2.52,3.38,0.71,0.66,1.41,,,,,,,9.0,9.0,16.0,,,,,,,,,,,,,,
1760587200.0,2025-10-16 04:00:00,2025-10-16 09:30:00,4.47,5.92,,,188.88,0.95,7.92,12.59,3.66,0.53,7.45,5.92,7.0,Good,9.0,16.0,3.0,10.0,5.159999999999993,6.789999999999996,202.35,0.84,8.420000000000003,10.566666666666672,3.0499999999999976,0.6533333333333334,,,4.88,6.376666666666666,205.6820833333333,0.4620833333333333,9.185,14.331666666666663,3.610833333333333,0.6258333333333334,,,5.51,5.33,8.55,7.35,6.46,11.21,211.1,202.01,285.38,0.95,0.33,0.95,8.71,8.37,9.7,9.87,9.25,14.74,2.96,2.35,4.48,0.72,0.65,0.98,,,,,,,9.0,9.0,14.0,,,,,,,,,,,,,,
1760590800.0,2025-10-16 05:00:00,2025-10-16 10:30:00,3.97,5.31,,,179.94,0.95,7.37,13.75,3.88,0.51,6.616666666666667,5.31,7.0,Good,10.0,16.0,3.0,10.0,4.649999999999993,6.193333333333331,193.30666666666664,0.95,8.000000000000002,12.070000000000006,3.499999999999998,0.5866666666666669,,,4.755416666666667,6.214166666666666,202.49541666666667,0.4620833333333333,9.127916666666666,14.174583333333333,3.59375,0.61375,,,4.47,5.5,6.96,5.92,7.1,9.21,188.88,207.07,256.42,0.95,0.62,0.95,7.92,8.63,8.74,12.59,9.24,17.52,3.66,2.53,4.29,0.53,0.71,0.8,,,,,,,7.0,9.0,12.0,,,,,,,,,,,,,,
1760594400.0,2025-10-16 06:00:00,2025-10-16 11:30:00,3.57,4.8,,,171.82,0.95,6.53,15.53,3.82,0.5,5.95,4.8,6.0,Good,11.0,16.0,3.0,10.0,4.003333333333327,5.343333333333329,180.2133333333333,0.95,7.273333333333336,13.95666666666667,3.786666666666664,0.5133333333333335,,,4.670416666666667,6.104166666666667,200.02125,0.4620833333333333,9.070833333333333,13.985,3.5766666666666667,0.6075,,,3.97,5.51,5.61,5.31,7.35,7.44,179.94,211.1,231.2,0.95,0.95,0.95,7.37,8.71,7.9,13.75,9.87,20.08,3.88,2.96,4.23,0.51,0.72,0.65,,,,,,,7.0,9.0,9.0,,,,,,,,,,,,,,
1760598000.0,2025-10-16 07:00:00,2025-10-16 12:30:00,3.26,4.43,,,164.03,0.95,5.86,17.44,3.83,0.51,5.433333333333334,4.43,5.0,Good,12.0,16.0,3.0,10.0,3.599999999999993,4.846666666666663,171.92999999999998,0.95,6.58666666666667,15.573333333333338,3.8433333333333306,0.5066666666666668,,,4.63625,6.065,198.84625,0.4620833333333333,9.034166666666666,13.661666666666669,3.549583333333333,0.6104166666666667,,,3.57,4.47,4.08,4.8,5.92,5.37,171.82,188.88,192.23,0.95,0.95,0.95,6.53,7.92,6.74,15.53,12.59,25.2,3.82,3.66,4.48,0.5,0.53,0.44,,,,,,,6.0,7.0,7.0,,,,,,,,,,,,,,
1760601600.0,2025-10-16 08:00:00,2025-10-16 13:30:00,2.91,4.07,,,156.4,0.95,5.69,18.16,3.87,0.52,4.8500000000000005,4.07,5.0,Good,13.0,16.0,3.0,10.0,3.2466666666666595,4.43333333333333,164.08333333333334,0.95,6.02666666666667,17.04333333333334,3.8399999999999976,0.5100000000000001,,,4.6075,6.03875,197.90666666666667,0.4720833333333333,8.990833333333333,13.326666666666666,3.5362500000000003,0.6158333333333333,,,3.26,3.97,3.6,4.43,5.31,4.7,164.03,179.94,178.95,0.95,0.95,0.71,5.86,7.37,6.73,17.44,13.75,26.2,3.83,3.88,4.19,0.51,0.51,0.39,,,,,,,5.0,7.0,6.0,,,,,,,,,,,,,,
1760605200.0,2025-10-16 09:00:00,2025-10-16 14:30:00,2.5,3.66,,,148.05,0.89,5.38,18.88,3.85,0.52,4.166666666666667,3.66,4.0,Good,14.0,16.0,3.0,10.0,2.889999999999993,4.05333333333333,156.16,0.93,5.643333333333337,18.160000000000007,3.849999999999998,0.5166666666666667,,,4.5675,6.004583333333334,196.8683333333333,0.48625,8.926666666666668,13.043333333333331,3.5275,0.6216666666666667,,,2.91,3.57,3.46,4.07,4.8,4.48,156.4,171.82,172.97,0.95,0.95,0.55,5.69,6.53,6.92,18.16,15.53,25.68,3.87,3.82,4.06,0.52,0.5,0.38,,,,,,,5.0,6.0,6.0,,,,,,,,,,,,,,
1760608800.0,2025-10-16 10:00:00,2025-10-16 15:30:00,2.11,3.28,,,142.17,0.52,5.27,19.22,3.56,0.51,3.5166666666666666,3.28,4.0,Good,15.0,16.0,3.0,10.0,2.50666666666666,3.669999999999997,148.8733333333333,0.7866666666666667,5.44666666666667,18.75333333333334,3.7599999999999976,0.5166666666666669,,,4.51375,5.958333333333333,195.6670833333333,0.48875,8.83875,12.817916666666669,3.5083333333333333,0.6266666666666667,,,2.5,3.26,3.4,3.66,4.43,4.39,148.05,164.03,171.0,0.89,0.95,0.46,5.38,5.86,7.38,18.88,17.44,24.63,3.85,3.83,4.02,0.52,0.51,0.39,,,,,,,4.0,5.0,6.0,,,,,,,,,,,,,,
1760612400.0,2025-10-16 11:00:00,2025-10-16 16:30:00,1.99,3.23,,,143.92,0.3,5.75,18.32,3.46,0.56,3.316666666666667,3.23,3.0,Good,16.0,16.0,3.0,10.0,2.199999999999993,3.389999999999997,144.71333333333334,0.5700000000000002,5.466666666666669,18.806666666666672,3.6233333333333313,0.5300000000000002,,,4.452916666666666,5.9075,194.47875,0.4895833333333333,8.73,12.657083333333333,3.483750000000001,0.6325,,,2.11,2.91,3.45,3.28,4.07,4.45,142.17,156.4,172.44,0.52,0.95,0.28,5.27,5.69,8.36,19.22,18.16,22.18,3.56,3.87,4.05,0.51,0.52,0.42,,,,,,,4.0,5.0,6.0,,,,,,,,,,,,,,
1760616000.0,2025-10-16 12:00:00,2025-10-16 17:30:00,2.02,3.37,,,150.02,0.15,6.79,17.06,3.55,0.59,3.3666666666666667,3.37,3.0,Good,17.0,16.0,3.0,10.0,2.0399999999999934,3.293333333333329,145.36999999999998,0.3233333333333334,5.93666666666667,18.200000000000006,3.523333333333331,0.5533333333333336,,,4.391666666666667,5.859583333333333,193.43875,0.4908333333333333,8.619166666666667,12.558750000000002,3.467083333333333,0.63875,,,1.99,2.5,3.49,3.23,3.66,4.52,143.92,148.05,174.98,0.3,0.89,0.12,5.75,5.38,9.45,18.32,18.88,19.42,3.46,3.85,3.95,0.56,0.52,0.44,,,,,,,3.0,4.0,6.0,,,,,,,,,,,,,,
1760619600.0,2025-10-16 13:00:00,2025-10-16 18:30:00,2.32,3.98,,,167.64,0.16,8.24,15.29,3.04,0.72,3.866666666666666,3.98,4.0,Good,18.0,16.0,3.0,10.0,2.1099999999999937,3.526666666666664,153.86,0.2033333333333334,6.926666666666669,16.890000000000004,3.349999999999997,0.6233333333333334,,,4.334583333333334,5.820416666666667,192.7525,0.4941666666666666,8.516250000000001,12.525833333333331,3.427083333333333,0.64625,,,2.02,2.11,3.69,3.37,3.28,4.92,150.02,142.17,184.11,0.15,0.52,0.08,6.79,5.27,10.71,17.06,19.22,16.08,3.55,3.56,4.0,0.59,0.51,0.54,,,,,,,3.0,4.0,6.0,,,,,,,,,,,,,,
1760623200.0,2025-10-16 14:00:00,2025-10-16 19:30:00,3.02,5.39,,,196.04,0.3,9.52,13.48,2.55,0.94,5.033333333333333,5.39,5.0,Good,19.0,16.0,3.0,10.0,2.4533333333333265,4.246666666666664,171.23333333333332,0.2033333333333334,8.183333333333337,15.27666666666667,3.0466666666666646,0.7500000000000001,,,4.284166666666667,5.7975,192.48541666666668,0.5004166666666666,8.421249999999999,12.5475,3.361666666666667,0.6566666666666666,,,2.32,1.99,4.23,3.98,3.23,5.94,167.64,143.92,202.45,0.16,0.3,0.15,8.24,5.75,11.8,15.29,18.32,12.96,3.04,3.46,4.12,0.72,0.56,0.69,,,,,,,4.0,3.0,7.0,,,,,,,,,,,,,,
1760626800.0,2025-10-16 15:00:00,2025-10-16 20:30:00,3.86,6.89,,,221.0,0.48,9.89,12.68,2.44,1.1,6.433333333333334,6.89,7.0,Good,20.0,16.0,3.0,10.0,3.06666666666666,5.419999999999997,194.8933333333333,0.3133333333333334,9.21666666666667,13.816666666666672,2.676666666666664,0.9200000000000004,,,4.241666666666667,5.789999999999999,192.57333333333327,0.51,8.328750000000001,12.615833333333333,3.2870833333333334,0.6691666666666666,,,3.02,2.02,4.88,5.39,3.37,7.07,196.04,150.02,218.89,0.3,0.15,0.25,9.52,6.79,12.11,13.48,17.06,11.04,2.55,3.55,4.23,0.94,0.59,0.8,,,,,,,5.0,3.0,8.0,,,,,,,,,,,,,,
1760630400.0,2025-10-16 16:00:00,2025-10-16 21:30:00,4.74,8.42,,,244.65,0.63,9.91,11.81,2.61,1.3,7.9,8.42,8.0,Good,21.0,16.0,3.0,10.0,3.8733333333333264,6.899999999999996,220.56333333333336,0.47,9.773333333333335,12.656666666666672,2.533333333333331,1.1133333333333335,,,4.21625,5.817916666666666,193.2645833333333,0.5225,8.2575,12.689166666666669,3.2225,0.6879166666666667,,,3.86,2.32,5.35,6.89,3.98,7.75,221.0,167.64,228.06,0.48,0.16,0.33,9.89,8.24,11.62,12.68,15.29,10.05,2.44,3.04,4.16,1.1,0.72,0.85,,,,,,,7.0,4.0,9.0,,,,,,,,,,,,,,
1760634000.0,2025-10-16 17:00:00,2025-10-16 22:30:00,5.65,9.99,,,268.94,0.64,10.17,10.65,2.76,1.54,9.416666666666668,9.99,10.0,Good,22.0,16.0,3.0,10.0,4.749999999999994,8.43333333333333,244.8633333333333,0.5833333333333335,9.990000000000004,11.713333333333338,2.6033333333333304,1.3133333333333337,,,4.212916666666668,5.8929166666666655,194.67041666666665,0.5337500000000001,8.218333333333332,12.735416666666666,3.1733333333333333,0.7158333333333333,,,4.74,3.02,5.73,8.42,5.39,8.19,244.65,196.04,235.2,0.63,0.3,0.37,9.91,9.52,11.11,11.81,13.48,9.54,2.61,2.55,3.94,1.3,0.94,0.87,,,,,,,8.0,5.0,10.0,,,,,,,,,,,,,,
1760637600.0,2025-10-16 18:00:00,2025-10-16 23:30:00,6.01,10.31,,,278.75,0.53,10.42,9.84,2.69,1.73,10.016666666666667,10.31,10.0,Good,23.0,16.0,3.0,10.0,5.466666666666661,9.573333333333329,264.11333333333334,0.6000000000000002,10.16666666666667,10.766666666666673,2.686666666666664,1.5233333333333334,,,4.220833333333333,5.987916666666666,196.54625,0.5425,8.199583333333335,12.76625,3.130416666666666,0.7541666666666665,,,5.65,3.86,5.82,9.99,6.89,8.03,268.94,221.0,233.73,0.64,0.48,0.32,10.17,9.89,10.87,10.65,12.68,9.1,2.76,2.44,3.72,1.54,1.1,0.81,,,,,,,10.0,7.0,10.0,,,,,,,,,,,,,,
1760641200.0,2025-10-16 19:00:00,2025-10-17 00:30:00,5.67,9.16,,,269.52,0.31,10.25,9.6,2.6,1.72,9.45,9.16,9.0,Good,0.0,17.0,4.0,10.0,5.77666666666666,9.819999999999997,272.40333333333336,0.4933333333333334,10.280000000000005,10.030000000000006,2.683333333333332,1.663333333333333,,,4.226666666666667,6.071249999999999,198.52541666666664,0.54625,8.185833333333333,12.79625,3.0941666666666667,0.7979166666666667,,,6.01,4.74,5.53,10.31,8.42,7.16,278.75,244.65,222.02,0.53,0.63,0.22,10.42,9.91,10.58,9.84,11.81,8.88,2.69,2.61,3.47,1.73,1.3,0.67,,,,,,,10.0,8.0,9.0,,,,,,,,,,,,,,
1760644800.0,2025-10-16 20:00:00,2025-10-17 01:30:00,5.22,7.95,,,254.51,0.18,9.15,10.16,2.28,1.42,8.7,7.95,9.0,Good,1.0,17.0,4.0,10.0,5.633333333333327,9.139999999999995,267.5933333333333,0.3400000000000001,9.940000000000005,9.866666666666672,2.523333333333331,1.6233333333333333,,,4.215833333333333,6.119583333333334,200.0716666666667,0.5433333333333333,8.145833333333334,12.857083333333334,3.053333333333333,0.83,,,5.67,5.65,5.48,9.16,9.99,6.79,269.52,268.94,217.4,0.31,0.64,0.25,10.25,10.17,10.11,9.6,10.65,8.7,2.6,2.76,3.26,1.72,1.54,0.65,,,,,,,9.0,10.0,9.0,,,,,,,,,,,,,,
1760648400.0,2025-10-16 21:00:00,2025-10-17 02:30:00,4.73,6.87,,,236.45,0.11,7.89,11.37,1.97,1.14,7.883333333333335,6.87,8.0,Good,2.0,17.0,4.0,10.0,5.20666666666666,7.99333333333333,253.4933333333333,0.2000000000000001,9.09666666666667,10.376666666666672,2.283333333333331,1.4266666666666667,,,4.187916666666667,6.1325,201.0458333333333,0.535,8.079166666666667,12.963333333333331,3.0083333333333333,0.8504166666666667,,,5.22,6.01,5.4,7.95,10.31,6.56,254.51,278.75,213.07,0.18,0.53,0.31,9.15,10.42,9.49,10.16,9.84,8.82,2.28,2.69,3.05,1.42,1.73,0.65,,,,,,,9.0,10.0,9.0,,,,,,,,,,,,,,
1760652000.0,2025-10-16 22:00:00,2025-10-17 03:30:00,4.24,5.83,,,215.39,0.09,6.88,12.86,1.7,0.86,7.066666666666667,5.83,7.0,Good,3.0,17.0,4.0,10.0,4.729999999999993,6.88333333333333,235.45,0.1266666666666668,7.973333333333336,11.463333333333338,1.983333333333331,1.14,,,4.140416666666666,6.1066666666666665,201.2975,0.5245833333333333,7.990833333333334,13.126666666666669,2.9620833333333336,0.8591666666666667,,,4.73,5.67,5.38,6.87,9.16,6.45,236.45,269.52,209.35,0.11,0.31,0.34,7.89,10.25,9.0,11.37,9.6,8.94,1.97,2.6,2.81,1.14,1.72,0.65,,,,,,,8.0,9.0,9.0,,,,,,,,,,,,,,
1760655600.0,2025-10-16 23:00:00,2025-10-17 04:30:00,4.26,5.6,,,207.98,0.09,6.71,13.15,1.59,0.79,7.1,5.6,7.0,Good,4.0,17.0,4.0,10.0,4.409999999999994,6.099999999999997,219.94,0.0966666666666667,7.160000000000003,12.460000000000006,1.753333333333331,0.93,,,4.09375,6.073333333333333,201.32666666666668,0.5145833333333333,7.90875,13.300416666666663,2.919583333333333,0.8645833333333334,,,4.24,5.22,5.38,5.83,7.95,6.4,215.39,254.51,207.28,0.09,0.18,0.33,6.88,9.15,8.68,12.86,10.16,8.98,1.7,2.28,2.61,0.86,1.42,0.66,,,,,,,7.0,9.0,9.0,,,,,,,,,,,,,,
1760659200.0,2025-10-17 00:00:00,2025-10-17 05:30:00,4.57,5.82,,,207.09,0.11,6.96,12.97,1.66,0.75,7.616666666666667,5.82,8.0,Good,5.0,17.0,4.0,10.0,4.356666666666661,5.7499999999999964,210.1533333333333,0.0966666666666667,6.850000000000002,12.99333333333334,1.6499999999999977,0.8000000000000002,,,4.059583333333333,6.0495833333333335,201.39041666666665,0.5058333333333334,7.844166666666667,13.465416666666668,2.8837500000000005,0.8683333333333333,,,4.26,4.73,5.39,5.6,6.87,6.39,207.98,236.45,205.56,0.09,0.11,0.32,6.71,7.89,8.51,13.15,11.37,9.01,1.59,1.97,2.52,0.79,1.14,0.66,,,,,,,7.0,8.0,9.0,,,,,,,,,,,,,,
1760662800.0,2025-10-17 01:00:00,2025-10-17 06:30:00,4.94,6.23,,,206.07,0.19,7.41,12.93,1.93,0.7,8.233333333333334,6.23,8.0,Good,6.0,17.0,4.0,10.0,4.589999999999994,5.88333333333333,207.04666666666665,0.1300000000000001,7.02666666666667,13.016666666666673,1.726666666666664,0.7466666666666669,,,4.043333333333333,6.04,201.5595833333333,0.5,7.804166666666667,13.61875,2.8662499999999995,0.8704166666666665,,,4.57,4.24,5.33,5.82,5.83,6.46,207.09,215.39,202.01,0.11,0.09,0.33,6.96,6.88,8.37,12.97,12.86,9.25,1.66,1.7,2.35,0.75,0.86,0.65,,,,,,,8.0,7.0,9.0,,,,,,,,,,,,,,
1760666400.0,2025-10-17 02:00:00,2025-10-17 07:30:00,5.62,7.28,,,217.71,0.51,8.42,12.15,2.32,0.73,9.366666666666667,7.28,9.0,Good,7.0,17.0,4.0,10.0,5.043333333333327,6.443333333333331,210.29,0.2700000000000001,7.5966666666666685,12.68333333333334,1.9699999999999973,0.7266666666666669,,,4.048333333333333,6.047499999999999,202.00291666666664,0.4954166666666666,7.795416666666667,13.74,2.8575,0.87125,,,4.94,4.26,5.5,6.23,5.6,7.1,206.07,207.98,207.07,0.19,0.09,0.62,7.41,6.71,8.63,12.93,13.15,9.24,1.93,1.59,2.53,0.7,0.79,0.71,,,,,,,8.0,7.0,9.0,,,,,,,,,,,,,,
1760670000.0,2025-10-17 03:00:00,2025-10-17 08:30:00,6.34,8.26,,,236.49,0.95,9.4,11.49,2.79,0.75,10.566666666666666,8.26,11.0,Good,8.0,17.0,4.0,10.0,5.633333333333327,7.256666666666663,220.09,0.5500000000000002,8.410000000000004,12.190000000000008,2.3466666666666645,0.7266666666666669,,,4.082916666666667,6.085416666666666,203.0608333333333,0.4954166666666666,7.824166666666667,13.8075,2.8504166666666664,0.8724999999999999,,,5.62,4.57,5.51,7.28,5.82,7.35,217.71,207.09,211.1,0.51,0.11,0.95,8.42,6.96,8.71,12.15,12.97,9.87,2.32,1.66,2.96,0.73,0.75,0.72,,,,,,,9.0,8.0,9.0,,,,,,,,,,,,,,
1760673600.0,2025-10-17 04:00:00,2025-10-17 09:30:00,6.38,8.24,,,241.36,0.95,9.87,11.84,3.42,0.7,10.633333333333333,8.24,11.0,Good,9.0,17.0,4.0,10.0,6.113333333333327,7.926666666666662,231.85333333333327,0.8033333333333333,9.230000000000002,11.826666666666672,2.8433333333333315,0.7266666666666667,,,4.1625,6.182083333333334,205.24750000000003,0.4954166666666666,7.905416666666667,13.77625,2.8404166666666666,0.8795833333333335,,,6.34,4.94,4.47,8.26,6.23,5.92,236.49,206.07,188.88,0.95,0.19,0.95,9.4,7.41,7.92,11.49,12.93,12.59,2.79,1.93,3.66,0.75,0.7,0.53,,,,,,,11.0,8.0,7.0,,,,,,,,,,,,,,
1760677200.0,2025-10-17 05:00:00,2025-10-17 10:30:00,6.14,7.92,,,239.3,0.95,10.38,11.92,3.84,0.69,10.233333333333333,7.92,10.0,Good,10.0,17.0,4.0,10.0,6.286666666666659,8.139999999999995,239.05,0.95,9.883333333333338,11.750000000000009,3.349999999999998,0.7133333333333334,,,4.252916666666667,6.290833333333334,207.7208333333333,0.4954166666666666,8.030833333333334,13.7,2.83875,0.8870833333333333,,,6.38,5.62,3.97,8.24,7.28,5.31,241.36,217.71,179.94,0.95,0.51,0.95,9.87,8.42,7.37,11.84,12.15,13.75,3.42,2.32,3.88,0.7,0.73,0.51,,,,,,,11.0,9.0,7.0,,,,,,,,,,,,,,
1760680800.0,2025-10-17 06:00:00,2025-10-17 11:30:00,5.79,7.4,,,233.86,0.95,10.37,12.54,4.18,0.65,9.65,7.4,10.0,Good,11.0,17.0,4.0,10.0,6.103333333333327,7.853333333333329,238.1733333333333,0.95,10.206666666666669,12.100000000000009,3.813333333333331,0.68,,,4.345416666666667,6.399166666666666,210.3058333333333,0.4954166666666666,8.190833333333334,13.575416666666664,2.85375,0.8933333333333334,,,6.14,6.34,3.57,7.92,8.26,4.8,239.3,236.49,171.82,0.95,0.95,0.95,10.38,9.4,6.53,11.92,11.49,15.53,3.84,2.79,3.82,0.69,0.75,0.5,,,,,,,10.0,11.0,6.0,,,,,,,,,,,,,,
1760684400.0,2025-10-17 07:00:00,2025-10-17 12:30:00,4.88,6.27,,,218.46,0.95,10.2,13.74,4.81,0.54,8.133333333333333,6.27,8.0,Good,12.0,17.0,4.0,10.0,5.603333333333327,7.196666666666663,230.54,0.95,10.316666666666668,12.73333333333334,4.276666666666664,0.6266666666666668,,,4.412916666666667,6.475833333333333,212.57375,0.4954166666666666,8.371666666666666,13.42125,2.8945833333333333,0.8945833333333333,,,5.79,6.38,3.26,7.4,8.24,4.43,233.86,241.36,164.03,0.95,0.95,0.95,10.37,9.87,5.86,12.54,11.84,17.44,4.18,3.42,3.83,0.65,0.7,0.51,,,,,,,10.0,11.0,5.0,,,,,,,,,,,,,,
1760688000.0,2025-10-17 08:00:00,2025-10-17 13:30:00,4.49,5.8,,,212.96,0.95,9.96,14.34,4.82,0.53,7.483333333333334,5.8,7.0,Good,13.0,17.0,4.0,10.0,5.053333333333327,6.489999999999996,221.76,0.95,10.17666666666667,13.540000000000006,4.603333333333331,0.5733333333333335,,,4.47875,6.547916666666667,214.93041666666667,0.4954166666666666,8.549583333333333,13.262083333333337,2.9341666666666666,0.8949999999999999,,,4.88,6.14,2.91,6.27,7.92,4.07,218.46,239.3,156.4,0.95,0.95,0.95,10.2,10.38,5.69,13.74,11.92,18.16,4.81,3.84,3.87,0.54,0.69,0.52,,,,,,,8.0,10.0,5.0,,,,,,,,,,,,,,
1760691600.0,2025-10-17 09:00:00,2025-10-17 14:30:00,4.15,5.41,,,206.6,0.95,9.25,15.28,4.52,0.53,6.916666666666668,5.41,7.0,Good,14.0,17.0,4.0,10.0,4.506666666666661,5.826666666666664,212.6733333333333,0.95,9.803333333333336,14.453333333333338,4.716666666666664,0.5333333333333335,,,4.5475,6.620833333333334,217.37,0.4979166666666666,8.710833333333333,13.112083333333333,2.9620833333333336,0.8954166666666666,,,4.49,5.79,2.5,5.8,7.4,3.66,212.96,233.86,148.05,0.95,0.95,0.89,9.96,10.37,5.38,14.34,12.54,18.88,4.82,4.18,3.85,0.53,0.65,0.52,,,,,,,7.0,10.0,4.0,,,,,,,,,,,,,,
1760695200.0,2025-10-17 10:00:00,2025-10-17 15:30:00,3.97,5.29,,,198.4,0.95,9.14,15.92,4.15,0.57,6.616666666666667,5.29,7.0,Good,15.0,17.0,4.0,10.0,4.203333333333327,5.4999999999999964,205.98666666666668,0.95,9.450000000000005,15.180000000000009,4.496666666666665,0.5433333333333334,,,4.625,6.704583333333333,219.7129166666667,0.5158333333333333,8.872083333333334,12.974583333333332,2.986666666666667,0.8979166666666667,,,4.15,4.88,2.11,5.41,6.27,3.28,206.6,218.46,142.17,0.95,0.95,0.52,9.25,10.2,5.27,15.28,13.74,19.22,4.52,4.81,3.56,0.53,0.54,0.51,,,,,,,7.0,8.0,4.0,,,,,,,,,,,,,,
1760698800.0,2025-10-17 11:00:00,2025-10-17 16:30:00,3.92,5.39,,,193.2,0.95,10.19,14.94,4.16,0.63,6.533333333333333,5.39,7.0,Good,16.0,17.0,4.0,10.0,4.013333333333327,5.36333333333333,199.4,0.95,9.526666666666667,15.380000000000004,4.276666666666665,0.5766666666666668,,,4.705416666666667,6.794583333333333,221.76625,0.5429166666666666,9.057083333333331,12.83375,3.015833333333333,0.9008333333333332,,,3.97,4.49,1.99,5.29,5.8,3.23,198.4,212.96,143.92,0.95,0.95,0.3,9.14,9.96,5.75,15.92,14.34,18.32,4.15,4.82,3.46,0.57,0.53,0.56,,,,,,,7.0,7.0,3.0,,,,,,,,,,,,,,
1760702400.0,2025-10-17 12:00:00,2025-10-17 17:30:00,3.78,5.35,,,188.59,0.57,11.08,13.96,4.21,0.66,6.3,5.35,6.0,Good,17.0,17.0,4.0,10.0,3.8899999999999935,5.343333333333329,193.39666666666668,0.8233333333333334,10.136666666666668,14.940000000000005,4.173333333333331,0.6200000000000001,,,4.77875,6.877083333333334,223.3733333333333,0.5604166666666667,9.235833333333334,12.704583333333332,3.043333333333333,0.90375,,,3.92,4.15,2.02,5.39,5.41,3.37,193.2,206.6,150.02,0.95,0.95,0.15,10.19,9.25,6.79,14.94,15.28,17.06,4.16,4.52,3.55,0.63,0.53,0.59,,,,,,,7.0,7.0,3.0,,,,,,,,,,,,,,
1760706000.0,2025-10-17 13:00:00,2025-10-17 18:30:00,3.6,5.19,,,187.09,0.39,11.17,13.74,3.73,0.66,6.0,5.19,6.0,Good,18.0,17.0,4.0,10.0,3.76666666666666,5.309999999999996,189.6266666666667,0.6366666666666667,10.813333333333338,14.213333333333338,4.033333333333331,0.6500000000000002,,,4.832083333333333,6.927500000000001,224.18375,0.57,9.357916666666666,12.64,3.072083333333333,0.90125,,,3.78,3.97,2.32,5.35,5.29,3.98,188.59,198.4,167.64,0.57,0.95,0.16,11.08,9.14,8.24,13.96,15.92,15.29,4.21,4.15,3.04,0.66,0.57,0.72,,,,,,,6.0,7.0,4.0,,,,,,,,,,,,,,
1760709600.0,2025-10-17 14:00:00,2025-10-17 19:30:00,3.72,5.47,,,193.83,0.41,10.87,13.62,3.08,0.72,6.2,5.47,6.0,Good,19.0,17.0,4.0,10.0,3.6999999999999935,5.336666666666663,189.83666666666667,0.4566666666666668,11.04,13.77333333333334,3.67333333333333,0.6800000000000002,,,4.861249999999999,6.930833333333333,224.09166666666667,0.5745833333333333,9.414166666666668,12.645833333333334,3.0941666666666663,0.8920833333333333,,,3.6,3.92,3.02,5.19,5.39,5.39,187.09,193.2,196.04,0.39,0.95,0.3,11.17,10.19,9.52,13.74,14.94,13.48,3.73,4.16,2.55,0.66,0.63,0.94,,,,,,,6.0,7.0,5.0,,,,,,,,,,,,,,
1760713200.0,2025-10-17 15:00:00,2025-10-17 20:30:00,4.13,6.12,,,205.05,0.5,10.73,13.32,2.85,0.8,6.883333333333334,6.12,7.0,Good,20.0,17.0,4.0,10.0,3.8166666666666607,5.59333333333333,195.32333333333327,0.4333333333333334,10.923333333333336,13.560000000000008,3.219999999999997,0.7266666666666669,,,4.8725,6.898750000000001,223.4270833333333,0.5754166666666666,9.449166666666668,12.6725,3.11125,0.8795833333333333,,,3.72,3.78,3.86,5.47,5.35,6.89,193.83,188.59,221.0,0.41,0.57,0.48,10.87,11.08,9.89,13.62,13.96,12.68,3.08,4.21,2.44,0.72,0.66,1.1,,,,,,,6.0,6.0,7.0,,,,,,,,,,,,,,
1760716800.0,2025-10-17 16:00:00,2025-10-17 21:30:00,4.58,6.71,,,212.03,0.59,10.44,13.15,2.48,0.83,7.633333333333334,6.71,8.0,Good,21.0,17.0,4.0,10.0,4.143333333333327,6.099999999999997,203.63666666666663,0.5000000000000001,10.68,13.36333333333334,2.803333333333331,0.7833333333333335,,,4.865833333333334,6.8275,222.06791666666663,0.57375,9.47125,12.728333333333332,3.105833333333333,0.86,,,4.13,3.6,4.74,6.12,5.19,8.42,205.05,187.09,244.65,0.5,0.39,0.63,10.73,11.17,9.91,13.32,13.74,11.81,2.85,3.73,2.61,0.8,0.66,1.3,,,,,,,7.0,6.0,8.0,,,,,,,,,,,,,,
1760720400.0,2025-10-17 17:00:00,2025-10-17 22:30:00,5.04,7.25,,,217.79,0.63,10.4,13.13,2.34,0.83,8.4,7.25,8.0,Good,22.0,17.0,4.0,10.0,4.583333333333327,6.693333333333331,211.6233333333333,0.5733333333333335,10.523333333333335,13.200000000000008,2.5566666666666644,0.8200000000000002,,,4.840416666666666,6.713333333333334,219.9366666666667,0.5733333333333334,9.480833333333337,12.831666666666669,3.0883333333333334,0.8304166666666667,,,4.58,3.72,5.65,6.71,5.47,9.99,212.03,193.83,268.94,0.59,0.41,0.64,10.44,10.87,10.17,13.15,13.62,10.65,2.48,3.08,2.76,0.83,0.72,1.54,,,,,,,8.0,6.0,10.0,,,,,,,,,,,,,,
1760724000.0,2025-10-17 18:00:00,2025-10-17 23:30:00,5.47,7.51,,,220.8,0.63,10.79,12.86,2.42,0.75,9.116666666666667,7.51,9.0,Good,23.0,17.0,4.0,10.0,5.029999999999993,7.156666666666663,216.8733333333333,0.6166666666666668,10.543333333333337,13.046666666666674,2.413333333333331,0.8033333333333333,,,4.817916666666666,6.596666666666668,217.52208333333337,0.5775,9.49625,12.957499999999998,3.077083333333334,0.7895833333333333,,,5.04,4.13,6.01,7.25,6.12,10.31,217.79,205.05,278.75,0.63,0.5,0.53,10.4,10.73,10.42,13.13,13.32,9.84,2.34,2.85,2.69,0.83,0.8,1.73,,,,,,,8.0,7.0,10.0,,,,,,,,,,,,,,
1760727600.0,2025-10-17 19:00:00,2025-10-18 00:30:00,6.08,7.85,,,225.28,0.65,11.51,11.7,2.74,0.67,10.133333333333336,7.85,10.0,Good,0.0,18.0,5.0,10.0,5.529999999999994,7.536666666666663,221.29,0.6366666666666668,10.900000000000004,12.56333333333334,2.499999999999998,0.7500000000000001,,,4.835,6.542083333333334,215.67875,0.5916666666666667,9.54875,13.045000000000002,3.0829166666666663,0.7458333333333332,,,5.47,4.58,5.67,7.51,6.71,9.16,220.8,212.03,269.52,0.63,0.59,0.31,10.79,10.44,10.25,12.86,13.15,9.6,2.42,2.48,2.6,0.75,0.83,1.72,,,,,,,9.0,8.0,9.0,,,,,,,,,,,,,,
1760731200.0,2025-10-17 20:00:00,2025-10-18 01:30:00,6.88,8.55,,,235.23,0.7,11.75,10.47,2.54,0.72,11.466666666666669,8.55,11.0,Good,1.0,18.0,5.0,10.0,6.143333333333326,7.969999999999996,227.10333333333327,0.6600000000000001,11.350000000000003,11.676666666666671,2.566666666666664,0.7133333333333335,,,4.904166666666667,6.567083333333333,214.87541666666664,0.6133333333333333,9.657083333333333,13.057916666666666,3.09375,0.7166666666666667,,,6.08,5.04,5.22,7.85,7.25,7.95,225.28,217.79,254.51,0.65,0.63,0.18,11.51,10.4,9.15,11.7,13.13,10.16,2.74,2.34,2.28,0.67,0.83,1.42,,,,,,,10.0,8.0,9.0,,,,,,,,,,,,,,
1760734800.0,2025-10-17 21:00:00,2025-10-18 02:30:00,7.6,9.28,,,243.08,0.71,11.63,9.72,2.33,0.8,12.666666666666666,9.28,13.0,Good,2.0,18.0,5.0,10.0,6.853333333333327,8.559999999999997,234.53,0.6866666666666669,11.630000000000004,10.630000000000004,2.536666666666664,0.7300000000000001,,,5.02375,6.6675,215.15166666666667,0.6383333333333333,9.812916666666666,12.989166666666668,3.10875,0.7025,,,6.88,5.47,4.73,8.55,7.51,6.87,235.23,220.8,236.45,0.7,0.63,0.11,11.75,10.79,7.89,10.47,12.86,11.37,2.54,2.42,1.97,0.72,0.75,1.14,,,,,,,11.0,9.0,8.0,,,,,,,,,,,,,,
1760738400.0,2025-10-17 22:00:00,2025-10-18 03:30:00,8.44,10.19,,,251.31,0.72,11.67,8.79,2.15,0.89,14.066666666666666,10.19,14.0,Good,3.0,18.0,5.0,10.0,7.6399999999999935,9.339999999999996,243.20666666666668,0.7100000000000001,11.683333333333335,9.660000000000004,2.3399999999999976,0.8033333333333336,,,5.19875,6.849166666666666,216.6483333333333,0.6645833333333333,10.0125,12.819583333333332,3.1275,0.70375,,,7.6,6.08,4.24,9.28,7.85,5.83,243.08,225.28,215.39,0.71,0.65,0.09,11.63,11.51,6.88,9.72,11.7,12.86,2.33,2.74,1.7,0.8,0.67,0.86,,,,,,,13.0,10.0,7.0,,,,,,,,,,,,,,
1760742000.0,2025-10-17 23:00:00,2025-10-18 04:30:00,9.34,11.1,,,260.0,0.75,11.76,7.91,2.01,0.91,15.566666666666666,11.1,16.0,Good,4.0,18.0,5.0,10.0,8.459999999999994,10.189999999999996,251.4633333333333,0.7266666666666669,11.68666666666667,8.806666666666672,2.163333333333331,0.8666666666666668,,,5.410416666666666,7.078333333333333,218.81583333333333,0.6920833333333333,10.222916666666666,12.60125,3.145,0.7087500000000001,,,8.44,6.88,4.26,10.19,8.55,5.6,251.31,235.23,207.98,0.72,0.7,0.09,11.67,11.75,6.71,8.79,10.47,13.15,2.15,2.54,1.59,0.89,0.72,0.79,,,,,,,14.0,11.0,7.0,,,,,,,,,,,,,,
1760745600.0,2025-10-18 00:00:00,2025-10-18 05:30:00,10.17,11.88,,,267.86,0.83,11.8,7.22,1.93,0.92,16.95,11.88,17.0,Good,5.0,18.0,5.0,10.0,9.31666666666666,11.056666666666665,259.7233333333333,0.7666666666666667,11.743333333333334,7.97333333333334,2.0299999999999976,0.9066666666666668,,,5.643750000000001,7.330833333333333,221.3479166666667,0.7220833333333333,10.424583333333333,12.361666666666665,3.15625,0.7158333333333333,,,9.34,7.6,4.57,11.1,9.28,5.82,260.0,243.08,207.09,0.75,0.71,0.11,11.76,11.63,6.96,7.91,9.72,12.97,2.01,2.33,1.66,0.91,0.8,0.75,,,,,,,16.0,13.0,8.0,,,,,,,,,,,,,,
1760749200.0,2025-10-18 01:00:00,2025-10-18 06:30:00,10.64,12.36,,,273.24,0.95,11.59,7.05,1.85,0.92,17.733333333333334,12.36,18.0,Good,6.0,18.0,5.0,10.0,10.049999999999994,11.779999999999996,267.03333333333336,0.8433333333333334,11.716666666666669,7.393333333333339,1.9299999999999973,0.9166666666666669,,,5.8812500000000005,7.58625,224.14666666666668,0.7537499999999998,10.59875,12.116666666666667,3.1529166666666666,0.7250000000000001,,,10.17,8.44,4.94,11.88,10.19,6.23,267.86,251.31,206.07,0.83,0.72,0.19,11.8,11.67,7.41,7.22,8.79,12.93,1.93,2.15,1.93,0.92,0.89,0.7,,,,,,,17.0,14.0,8.0,,,,,,,,,,,,,,
1760752800.0,2025-10-18 02:00:00,2025-10-18 07:30:00,11.13,13.25,,,286.03,0.95,11.44,6.97,1.99,1.01,18.55,13.25,19.0,Good,7.0,18.0,5.0,10.0,10.64666666666666,12.496666666666664,275.71,0.91,11.610000000000005,7.080000000000005,1.923333333333331,0.9500000000000002,,,6.110833333333333,7.835,226.9933333333333,0.7720833333333333,10.724583333333332,11.900833333333331,3.139166666666666,0.7366666666666667,,,10.64,9.34,5.62,12.36,11.1,7.28,273.24,260.0,217.71,0.95,0.75,0.51,11.59,11.76,8.42,7.05,7.91,12.15,1.85,2.01,2.32,0.92,0.91,0.73,,,,,,,18.0,16.0,9.0,,,,,,,,,,,,,,
1760756400.0,2025-10-18 03:00:00,2025-10-18 08:30:00,11.55,14.03,,,299.72,0.95,11.21,7.36,2.29,1.06,19.250000000000004,14.03,19.0,Good,8.0,18.0,5.0,10.0,11.10666666666666,13.21333333333333,286.33,0.95,11.413333333333336,7.126666666666672,2.0433333333333312,0.9966666666666668,,,6.327916666666667,8.075416666666667,229.6279166666667,0.7720833333333333,10.8,11.72875,3.1183333333333336,0.7495833333333334,,,11.13,10.17,6.34,13.25,11.88,8.26,286.03,267.86,236.49,0.95,0.83,0.95,11.44,11.8,9.4,6.97,7.22,11.49,1.99,1.93,2.79,1.01,0.92,0.75,,,,,,,19.0,17.0,11.0,,,,,,,,,,,,,,
1760760000.0,2025-10-18 04:00:00,2025-10-18 09:30:00,9.93,11.95,,,246.98,0.95,10.66,11.5,3.52,0.51,16.55,11.95,17.0,Good,9.0,18.0,5.0,10.0,10.869999999999992,13.076666666666664,277.57666666666665,0.95,11.103333333333335,8.610000000000007,2.599999999999997,0.8600000000000003,,,6.475833333333334,8.23,229.8620833333333,0.7720833333333332,10.832916666666668,11.714583333333332,3.1225,0.7416666666666666,,,11.55,10.64,6.38,14.03,12.36,8.24,299.72,273.24,241.36,0.95,0.95,0.95,11.21,11.59,9.87,7.36,7.05,11.84,2.29,1.85,3.42,1.06,0.92,0.7,,,,,,,19.0,18.0,11.0,,,,,,,,,,,,,,
1760763600.0,2025-10-18 05:00:00,2025-10-18 10:30:00,8.6,10.42,,,220.64,0.95,9.4,14.73,3.83,0.45,14.333333333333334,10.42,14.0,Good,10.0,18.0,5.0,10.0,10.02666666666666,12.133333333333333,255.78,0.95,10.423333333333336,11.196666666666673,3.213333333333331,0.6733333333333335,,,6.578333333333333,8.334166666666667,229.08458333333337,0.7720833333333332,10.792083333333332,11.831666666666663,3.122083333333333,0.7316666666666668,,,9.93,11.13,6.14,11.95,13.25,7.92,246.98,286.03,239.3,0.95,0.95,0.95,10.66,11.44,10.38,11.5,6.97,11.92,3.52,1.99,3.84,0.51,1.01,0.69,,,,,,,17.0,19.0,10.0,,,,,,,,,,,,,,
1760767200.0,2025-10-18 06:00:00,2025-10-18 11:30:00,7.82,9.48,,,208.6,0.95,8.44,17.5,3.95,0.46,13.033333333333337,9.48,13.0,Good,11.0,18.0,5.0,10.0,8.783333333333326,10.616666666666662,225.40666666666667,0.95,9.500000000000002,14.576666666666672,3.766666666666664,0.4733333333333334,,,6.662916666666667,8.420833333333333,228.0320833333333,0.7720833333333332,10.711666666666666,12.038333333333334,3.1125000000000003,0.7237499999999999,,,8.6,11.55,5.79,10.42,14.03,7.4,220.64,299.72,233.86,0.95,0.95,0.95,9.4,11.21,10.37,14.73,7.36,12.54,3.83,2.29,4.18,0.45,1.06,0.65,,,,,,,14.0,19.0,10.0,,,,,,,,,,,,,,
1760770800.0,2025-10-18 07:00:00,2025-10-18 12:30:00,7.35,8.87,,,197.79,0.95,7.46,21.21,4.37,0.47,12.25,8.87,12.0,Good,12.0,18.0,5.0,10.0,7.923333333333328,9.589999999999996,209.01,0.95,8.433333333333335,17.81333333333334,4.049999999999998,0.4600000000000001,,,6.765833333333333,8.529166666666667,227.1708333333333,0.7720833333333333,10.5975,12.349583333333335,3.0941666666666667,0.7208333333333333,,,7.82,9.93,4.88,9.48,11.95,6.27,208.6,246.98,218.46,0.95,0.95,0.95,8.44,10.66,10.2,17.5,11.5,13.74,3.95,3.52,4.81,0.46,0.51,0.54,,,,,,,13.0,17.0,8.0,,,,,,,,,,,,,,
1760774400.0,2025-10-18 08:00:00,2025-10-18 13:30:00,6.71,8.09,,,186.64,0.95,7.22,24.02,4.23,0.47,11.183333333333334,8.09,11.0,Good,13.0,18.0,5.0,10.0,7.293333333333327,8.81333333333333,197.67666666666665,0.95,7.70666666666667,20.910000000000007,4.183333333333331,0.4666666666666668,,,6.858333333333333,8.624583333333332,226.07416666666663,0.7720833333333333,10.483333333333333,12.752916666666666,3.0695833333333336,0.7183333333333334,,,7.35,8.6,4.49,8.87,10.42,5.8,197.79,220.64,212.96,0.95,0.95,0.95,7.46,9.4,9.96,21.21,14.73,14.34,4.37,3.83,4.82,0.47,0.45,0.53,,,,,,,12.0,14.0,7.0,,,,,,,,,,,,,,
1760778000.0,2025-10-18 09:00:00,2025-10-18 14:30:00,5.76,6.99,,,173.67,0.95,6.54,26.69,3.81,0.45,9.6,6.99,10.0,Good,14.0,18.0,5.0,10.0,6.606666666666659,7.98333333333333,186.0333333333333,0.95,7.073333333333337,23.97333333333334,4.136666666666665,0.4633333333333334,,,6.925416666666666,8.690416666666666,224.7020833333333,0.7720833333333332,10.370416666666666,13.228333333333332,3.04,0.715,,,6.71,7.82,4.15,8.09,9.48,5.41,186.64,208.6,206.6,0.95,0.95,0.95,7.22,8.44,9.25,24.02,17.5,15.28,4.23,3.95,4.52,0.47,0.46,0.53,,,,,,,11.0,13.0,7.0,,,,,,,,,,,,,,
1760781600.0,2025-10-18 10:00:00,2025-10-18 15:30:00,4.74,5.87,,,160.59,0.74,5.82,29.54,3.39,0.46,7.9,5.87,8.0,Good,15.0,18.0,5.0,10.0,5.73666666666666,6.98333333333333,173.63333333333333,0.8800000000000002,6.52666666666667,26.750000000000004,3.809999999999997,0.4600000000000001,,,6.9575,8.714583333333334,223.1266666666667,0.7633333333333332,10.232083333333334,13.795833333333334,3.008333333333333,0.7104166666666667,,,5.76,7.35,3.97,6.99,8.87,5.29,173.67,197.79,198.4,0.95,0.95,0.95,6.54,7.46,9.14,26.69,21.21,15.92,3.81,4.37,4.15,0.45,0.47,0.57,,,,,,,10.0,12.0,7.0,,,,,,,,,,,,,,
1760785200.0,2025-10-18 11:00:00,2025-10-18 16:30:00,4.04,5.18,,,153.83,0.27,5.99,30.01,3.13,0.52,6.733333333333333,5.18,7.0,Good,16.0,18.0,5.0,10.0,4.84666666666666,6.013333333333329,162.6966666666667,0.6533333333333334,6.11666666666667,28.74666666666668,3.443333333333331,0.4766666666666668,,,6.9625,8.705833333333333,221.48625,0.735,10.057083333333331,14.42375,2.9654166666666666,0.7058333333333334,,,4.74,6.71,3.92,5.87,8.09,5.39,160.59,186.64,193.2,0.74,0.95,0.95,5.82,7.22,10.19,29.54,24.02,14.94,3.39,4.23,4.16,0.46,0.47,0.63,,,,,,,8.0,11.0,7.0,,,,,,,,,,,,,,
1760788800.0,2025-10-18 12:00:00,2025-10-18 17:30:00,3.5,4.68,,,150.95,0.07,6.32,29.87,2.97,0.56,5.833333333333334,4.68,6.0,Good,17.0,18.0,5.0,10.0,4.093333333333327,5.24333333333333,155.1233333333333,0.3600000000000001,6.0433333333333366,29.806666666666672,3.163333333333331,0.5133333333333335,,,6.950833333333333,8.677916666666667,219.91791666666663,0.7141666666666665,9.85875,15.086666666666668,2.9137500000000003,0.7016666666666668,,,4.04,5.76,3.78,5.18,6.99,5.35,153.83,173.67,188.59,0.27,0.95,0.57,5.99,6.54,11.08,30.01,26.69,13.96,3.13,3.81,4.21,0.52,0.45,0.66,,,,,,,7.0,10.0,6.0,,,,,,,,,,,,,,
1760792400.0,2025-10-18 13:00:00,2025-10-18 18:30:00,3.35,4.72,,,159.56,0.02,7.17,28.21,2.5,0.69,5.583333333333334,4.72,6.0,Good,18.0,18.0,5.0,10.0,3.6299999999999937,4.859999999999996,154.78,0.1200000000000001,6.493333333333337,29.36333333333334,2.866666666666664,0.5900000000000002,,,6.940416666666667,8.658333333333333,218.7708333333333,0.69875,9.692083333333333,15.689583333333331,2.8625000000000003,0.7029166666666667,,,3.5,4.74,3.6,4.68,5.87,5.19,150.95,160.59,187.09,0.07,0.74,0.39,6.32,5.82,11.17,29.87,29.54,13.74,2.97,3.39,3.73,0.56,0.46,0.66,,,,,,,6.0,8.0,6.0,,,,,,,,,,,,,,
1760796000.0,2025-10-18 14:00:00,2025-10-18 19:30:00,3.87,5.81,,,182.49,0.04,8.36,25.12,2.22,0.91,6.45,5.81,6.0,Good,19.0,18.0,5.0,10.0,3.573333333333327,5.069999999999996,164.33333333333334,0.0433333333333334,7.283333333333336,27.73333333333333,2.5633333333333312,0.7200000000000002,,,6.946666666666666,8.6725,218.2983333333333,0.6833333333333332,9.5875,16.16875,2.8266666666666667,0.7108333333333333,,,3.35,4.04,3.72,4.72,5.18,5.47,159.56,153.83,193.83,0.02,0.27,0.41,7.17,5.99,10.87,28.21,30.01,13.62,2.5,3.13,3.08,0.69,0.52,0.72,,,,,,,6.0,7.0,6.0,,,,,,,,,,,,,,
1760799600.0,2025-10-18 15:00:00,2025-10-18 20:30:00,4.74,7.34,,,206.05,0.09,9.1,22.42,2.32,1.11,7.9,7.34,8.0,Good,20.0,18.0,5.0,10.0,3.9866666666666606,5.956666666666663,182.7,0.0500000000000001,8.210000000000003,25.250000000000004,2.3466666666666645,0.9033333333333337,,,6.972083333333334,8.723333333333333,218.34,0.66625,9.519583333333332,16.54791666666667,2.804583333333333,0.72375,,,3.87,3.5,4.13,5.81,4.68,6.12,182.49,150.95,205.05,0.04,0.07,0.5,8.36,6.32,10.73,25.12,29.87,13.32,2.22,2.97,2.85,0.91,0.56,0.8,,,,,,,6.0,6.0,7.0,,,,,,,,,,,,,,
1760803200.0,2025-10-18 16:00:00,2025-10-18 21:30:00,5.49,8.49,,,221.2,0.12,9.19,20.26,2.49,1.19,9.15,8.49,9.0,Good,21.0,18.0,5.0,10.0,4.699999999999994,7.21333333333333,203.24666666666667,0.0833333333333334,8.883333333333336,22.600000000000005,2.3433333333333315,1.0700000000000005,,,7.010000000000001,8.797500000000001,218.72208333333333,0.6466666666666666,9.4675,16.844166666666666,2.805,0.73875,,,4.74,3.35,4.58,7.34,4.72,6.71,206.05,159.56,212.03,0.09,0.02,0.59,9.1,7.17,10.44,22.42,28.21,13.15,2.32,2.5,2.48,1.11,0.69,0.83,,,,,,,8.0,6.0,8.0,,,,,,,,,,,,,,
1760806800.0,2025-10-18 17:00:00,2025-10-18 22:30:00,5.99,9.13,,,229.23,0.12,9.03,19.13,2.62,1.23,9.983333333333334,9.13,10.0,Good,22.0,18.0,5.0,10.0,5.40666666666666,8.319999999999999,218.82666666666668,0.1100000000000001,9.10666666666667,20.60333333333334,2.4766666666666644,1.1766666666666667,,,7.0495833333333335,8.875833333333334,219.19875,0.6254166666666666,9.410416666666666,17.094166666666666,2.8166666666666664,0.7554166666666667,,,5.49,3.87,5.04,8.49,5.81,7.25,221.2,182.49,217.79,0.12,0.04,0.63,9.19,8.36,10.4,20.26,25.12,13.13,2.49,2.22,2.34,1.19,0.91,0.83,,,,,,,9.0,6.0,8.0,,,,,,,,,,,,,,
1760810400.0,2025-10-18 18:00:00,2025-10-18 23:30:00,6.13,9.04,,,227.47,0.08,8.9,18.7,2.78,1.26,10.216666666666669,9.04,10.0,Good,23.0,18.0,5.0,10.0,5.869999999999994,8.886666666666663,225.96666666666667,0.1066666666666668,9.040000000000004,19.363333333333337,2.6299999999999977,1.2266666666666668,,,7.077083333333334,8.939583333333333,219.47666666666663,0.6025,9.331666666666669,17.337500000000002,2.8316666666666666,0.7766666666666667,,,5.99,4.74,5.47,9.13,7.34,7.51,229.23,206.05,220.8,0.12,0.09,0.63,9.03,9.1,10.79,19.13,22.42,12.86,2.62,2.32,2.42,1.23,1.11,0.75,,,,,,,10.0,8.0,9.0,,,,,,,,,,,,,,
1760814000.0,2025-10-18 19:00:00,2025-10-19 00:30:00,6.01,8.37,,,216.96,0.04,8.71,18.49,2.91,1.22,10.016666666666667,8.37,10.0,Good,0.0,19.0,6.0,10.0,6.043333333333327,8.846666666666662,224.5533333333333,0.0800000000000001,8.880000000000004,18.773333333333337,2.769999999999998,1.2366666666666666,,,7.074166666666667,8.96125,219.13,0.5770833333333333,9.215,17.620416666666667,2.838750000000001,0.7995833333333334,,,6.13,5.49,6.08,9.04,8.49,7.85,227.47,221.2,225.28,0.08,0.12,0.65,8.9,9.19,11.51,18.7,20.26,11.7,2.78,2.49,2.74,1.26,1.19,0.67,,,,,,,10.0,9.0,10.0,,,,,,,,,,,,,,
1760817600.0,2025-10-18 20:00:00,2025-10-19 01:30:00,6.21,8.27,,,214.97,0.03,8.4,17.72,2.76,1.2,10.35,8.27,10.0,Good,1.0,19.0,6.0,10.0,6.11666666666666,8.559999999999997,219.8,0.0500000000000001,8.670000000000003,18.30333333333333,2.816666666666664,1.2266666666666668,,,7.046250000000001,8.949583333333335,218.28583333333336,0.5491666666666666,9.075416666666667,17.9225,2.8479166666666664,0.8195833333333334,,,6.01,5.99,6.88,8.37,9.13,8.55,216.96,229.23,235.23,0.04,0.12,0.7,8.71,9.03,11.75,18.49,19.13,10.47,2.91,2.62,2.54,1.22,1.23,0.72,,,,,,,10.0,10.0,11.0,,,,,,,,,,,,,,
1760821200.0,2025-10-18 21:00:00,2025-10-19 02:30:00,6.56,8.44,,,216.92,0.04,8.19,16.67,2.7,1.18,10.933333333333334,8.44,11.0,Good,2.0,19.0,6.0,10.0,6.259999999999994,8.359999999999994,216.28333333333333,0.0366666666666668,8.433333333333337,17.62666666666667,2.789999999999998,1.2000000000000002,,,7.002916666666667,8.914583333333335,217.19583333333333,0.52125,8.932083333333333,18.21208333333333,2.8633333333333333,0.8354166666666667,,,6.21,6.13,7.6,8.27,9.04,9.28,214.97,227.47,243.08,0.03,0.08,0.71,8.4,8.9,11.63,17.72,18.7,9.72,2.76,2.78,2.33,1.2,1.26,0.8,,,,,,,10.0,10.0,13.0,,,,,,,,,,,,,,
1760824800.0,2025-10-18 22:00:00,2025-10-19 03:30:00,7.38,9.23,,,228.38,0.07,8.38,14.42,2.64,1.25,12.3,9.23,12.0,Good,3.0,19.0,6.0,10.0,6.716666666666659,8.646666666666663,220.09,0.0466666666666668,8.323333333333338,16.270000000000007,2.699999999999997,1.2100000000000002,,,6.958750000000001,8.874583333333334,216.24041666666668,0.4941666666666666,8.795,18.44666666666667,2.88375,0.8504166666666667,,,6.56,6.01,8.44,8.44,8.37,10.19,216.92,216.96,251.31,0.04,0.04,0.72,8.19,8.71,11.67,16.67,18.49,8.79,2.7,2.91,2.15,1.18,1.22,0.89,,,,,,,11.0,10.0,14.0,,,,,,,,,,,,,,
1760828400.0,2025-10-18 23:00:00,2025-10-19 04:30:00,8.66,10.6,,,247.57,0.13,8.74,11.46,2.51,1.41,14.433333333333334,10.6,14.0,Good,4.0,19.0,6.0,10.0,7.533333333333327,9.42333333333333,230.95666666666668,0.0800000000000001,8.436666666666671,14.18333333333334,2.616666666666664,1.28,,,6.930416666666667,8.85375,215.7225,0.4683333333333332,8.669166666666667,18.594583333333333,2.904583333333333,0.87125,,,7.38,6.21,9.34,9.23,8.27,11.1,228.38,214.97,260.0,0.07,0.03,0.75,8.38,8.4,11.76,14.42,17.72,7.91,2.64,2.76,2.01,1.25,1.2,0.91,,,,,,,12.0,10.0,16.0,,,,,,,,,,,,,,
1760832000.0,2025-10-19 00:00:00,2025-10-19 05:30:00,10.09,12.1,,,267.97,0.26,9.14,9.03,2.42,1.53,16.816666666666666,12.1,17.0,Good,5.0,19.0,6.0,10.0,8.709999999999994,10.64333333333333,247.97333333333336,0.1533333333333335,8.753333333333337,11.63666666666667,2.523333333333331,1.3966666666666667,,,6.927083333333333,8.862916666666665,215.72708333333333,0.4445833333333333,8.558333333333334,18.67,2.9250000000000003,0.8966666666666668,,,8.66,6.56,10.17,10.6,8.44,11.88,247.57,216.92,267.86,0.13,0.04,0.83,8.74,8.19,11.8,11.46,16.67,7.22,2.51,2.7,1.93,1.41,1.18,0.92,,,,,,,14.0,11.0,17.0,,,,,,,,,,,,,,
1760835600.0,2025-10-19 01:00:00,2025-10-19 06:30:00,11.28,13.42,,,287.01,0.57,9.37,7.51,2.47,1.53,18.8,13.42,19.0,Good,6.0,19.0,6.0,10.0,10.009999999999993,12.039999999999996,267.5166666666667,0.3200000000000001,9.083333333333336,9.333333333333336,2.466666666666664,1.4900000000000002,,,6.95375,8.907083333333334,216.3008333333333,0.4287499999999999,8.465833333333332,18.68916666666667,2.9508333333333336,0.9220833333333333,,,10.09,7.38,10.64,12.1,9.23,12.36,267.97,228.38,273.24,0.26,0.07,0.95,9.14,8.38,11.59,9.03,14.42,7.05,2.42,2.64,1.85,1.53,1.25,0.92,,,,,,,17.0,12.0,18.0,,,,,,,,,,,,,,
1760839200.0,2025-10-19 02:00:00,2025-10-19 07:30:00,12.65,15.45,,,315.3,0.95,9.83,6.43,2.77,1.45,21.083333333333336,15.45,21.0,Good,7.0,19.0,6.0,10.0,11.339999999999996,13.65666666666666,290.0933333333333,0.5933333333333334,9.44666666666667,7.656666666666671,2.553333333333331,1.5033333333333336,,,7.017083333333333,8.99875,217.52041666666665,0.42875,8.39875,18.666666666666668,2.983333333333334,0.9404166666666666,,,11.28,8.66,11.13,13.42,10.6,13.25,287.01,247.57,286.03,0.57,0.13,0.95,9.37,8.74,11.44,7.51,11.46,6.97,2.47,2.51,1.99,1.53,1.41,1.01,,,,,,,19.0,14.0,19.0,,,,,,,,,,,,,,
1760842800.0,2025-10-19 03:00:00,2025-10-19 08:30:00,14.13,17.47,,,345.82,0.95,10.22,6.09,3.14,1.34,23.55,17.47,24.0,Good,8.0,19.0,6.0,10.0,12.68666666666666,15.446666666666664,316.0433333333333,0.8233333333333334,9.80666666666667,6.676666666666672,2.7933333333333312,1.4400000000000002,,,7.124583333333334,9.142083333333334,219.44125,0.4287499999999999,8.3575,18.61375,3.0187500000000003,0.9520833333333332,,,12.65,10.09,11.55,15.45,12.1,14.03,315.3,267.97,299.72,0.95,0.26,0.95,9.83,9.14,11.21,6.43,9.03,7.36,2.77,2.42,2.29,1.45,1.53,1.06,,,,,,,21.0,17.0,19.0,,,,,,,,,,,,,,
1760846400.0,2025-10-19 04:00:00,2025-10-19 09:30:00,10.37,12.47,,,233.76,0.95,10.01,15.73,4.83,0.49,17.28333333333333,12.47,17.0,Good,9.0,19.0,6.0,10.0,12.383333333333326,15.129999999999995,298.2933333333333,0.95,10.020000000000003,9.416666666666671,3.579999999999998,1.0933333333333335,,,7.1429166666666655,9.16375,218.89041666666665,0.4287499999999999,8.330416666666666,18.790000000000003,3.0733333333333337,0.95125,,,14.13,11.28,9.93,17.47,13.42,11.95,345.82,287.01,246.98,0.95,0.57,0.95,10.22,9.37,10.66,6.09,7.51,11.5,3.14,2.47,3.52,1.34,1.53,0.51,,,,,,,24.0,19.0,17.0,,,,,,,,,,,,,,
1760850000.0,2025-10-19 05:00:00,2025-10-19 10:30:00,8.87,10.86,,,210.36,0.95,9.28,17.71,5.19,0.49,14.783333333333331,10.86,15.0,Good,10.0,19.0,6.0,10.0,11.123333333333328,13.599999999999996,263.31333333333333,0.95,9.836666666666671,13.176666666666671,4.386666666666664,0.7733333333333334,,,7.154166666666666,9.182083333333331,218.4620833333333,0.42875,8.325416666666667,18.914166666666667,3.1300000000000003,0.9529166666666664,,,10.37,12.65,8.6,12.47,15.45,10.42,233.76,315.3,220.64,0.95,0.95,0.95,10.01,9.83,9.4,15.73,6.43,14.73,4.83,2.77,3.83,0.49,1.45,0.45,,,,,,,17.0,21.0,14.0,,,,,,,,,,,,,,
1760853600.0,2025-10-19 06:00:00,2025-10-19 11:30:00,7.76,9.59,,,200.78,0.95,8.53,18.68,5.33,0.54,12.933333333333334,9.59,13.0,Good,11.0,19.0,6.0,10.0,8.999999999999993,10.97333333333333,214.96666666666667,0.95,9.273333333333335,17.37333333333334,5.1166666666666645,0.5066666666666668,,,7.151666666666666,9.186666666666667,218.13625,0.4287499999999999,8.329166666666667,18.96333333333333,3.1875,0.9562500000000002,,,8.87,14.13,7.82,10.86,17.47,9.48,210.36,345.82,208.6,0.95,0.95,0.95,9.28,10.22,8.44,17.71,6.09,17.5,5.19,3.14,3.95,0.49,1.34,0.46,,,,,,,15.0,24.0,13.0,,,,,,,,,,,,,,
1760857200.0,2025-10-19 07:00:00,2025-10-19 12:30:00,6.1,7.64,,,184.64,0.95,7.76,20.34,5.61,0.54,10.166666666666666,7.64,10.0,Good,12.0,19.0,6.0,10.0,7.576666666666661,9.36333333333333,198.59333333333333,0.95,8.523333333333335,18.910000000000007,5.376666666666665,0.5233333333333335,,,7.099583333333334,9.135416666666666,217.58833333333337,0.4287499999999999,8.341666666666667,18.92708333333333,3.2391666666666663,0.9591666666666666,,,7.76,10.37,7.35,9.59,12.47,8.87,200.78,233.76,197.79,0.95,0.95,0.95,8.53,10.01,7.46,18.68,15.73,21.21,5.33,4.83,4.37,0.54,0.49,0.47,,,,,,,13.0,17.0,12.0,,,,,,,,,,,,,,
1760860800.0,2025-10-19 08:00:00,2025-10-19 13:30:00,4.66,5.94,,,168.41,0.82,6.75,23.1,4.83,0.51,7.7666666666666675,5.94,8.0,Good,13.0,19.0,6.0,10.0,6.173333333333328,7.72333333333333,184.61,0.9066666666666668,7.680000000000002,20.70666666666668,5.256666666666664,0.5300000000000001,,,7.014166666666667,9.045833333333333,216.82875,0.4233333333333333,8.322083333333333,18.88875,3.2641666666666667,0.9608333333333332,,,6.1,8.87,6.71,7.64,10.86,8.09,184.64,210.36,186.64,0.95,0.95,0.95,7.76,9.28,7.22,20.34,17.71,24.02,5.61,5.19,4.23,0.54,0.49,0.47,,,,,,,10.0,15.0,11.0,,,,,,,,,,,,,,
1760864400.0,2025-10-19 09:00:00,2025-10-19 14:30:00,3.8,4.9,,,155.05,0.62,5.66,26.81,4.12,0.46,6.333333333333333,4.9,6.0,Good,14.0,19.0,6.0,10.0,4.853333333333327,6.159999999999997,169.36666666666667,0.7966666666666667,6.723333333333336,23.41666666666667,4.853333333333332,0.5033333333333335,,,6.9325,8.95875,216.05291666666668,0.4095833333333333,8.285416666666668,18.89375,3.2770833333333336,0.96125,,,4.66,7.76,5.76,5.94,9.59,6.99,168.41,200.78,173.67,0.82,0.95,0.95,6.75,8.53,6.54,23.1,18.68,26.69,4.83,5.33,3.81,0.51,0.54,0.45,,,,,,,8.0,13.0,10.0,,,,,,,,,,,,,,
1760868000.0,2025-10-19 10:00:00,2025-10-19 15:30:00,3.35,4.4,,,147.28,0.69,4.49,31.83,3.61,0.48,5.583333333333334,4.4,6.0,Good,15.0,19.0,6.0,10.0,3.93666666666666,5.0799999999999965,156.91333333333333,0.7100000000000001,5.633333333333337,27.24666666666667,4.186666666666665,0.4833333333333334,,,6.874583333333334,8.897499999999999,215.4983333333333,0.4075,8.229999999999999,18.989166666666662,3.2862500000000003,0.9620833333333332,,,3.8,6.1,4.74,4.9,7.64,5.87,155.05,184.64,160.59,0.62,0.95,0.74,5.66,7.76,5.82,26.81,20.34,29.54,4.12,5.61,3.39,0.46,0.54,0.46,,,,,,,6.0,10.0,8.0,,,,,,,,,,,,,,
1760871600.0,2025-10-19 11:00:00,2025-10-19 16:30:00,3.06,4.2,,,145.91,0.33,4.9,32.71,3.5,0.56,5.1000000000000005,4.2,5.0,Good,16.0,19.0,6.0,10.0,3.4033333333333267,4.4999999999999964,149.41333333333333,0.5466666666666667,5.01666666666667,30.450000000000006,3.743333333333331,0.5000000000000001,,,6.833750000000001,8.856666666666667,215.1683333333333,0.41,8.184583333333334,19.101666666666667,3.3016666666666663,0.96375,,,3.35,4.66,4.04,4.4,5.94,5.18,147.28,168.41,153.83,0.69,0.82,0.27,4.49,6.75,5.99,31.83,23.1,30.01,3.61,4.83,3.13,0.48,0.51,0.52,,,,,,,6.0,8.0,7.0,,,,,,,,,,,,,,
1760875200.0,2025-10-19 12:00:00,2025-10-19 17:30:00,2.8,4.07,,,148.09,0.1,5.79,31.58,3.51,0.64,4.666666666666667,4.07,5.0,Good,17.0,19.0,6.0,10.0,3.069999999999993,4.22333333333333,147.09333333333333,0.3733333333333335,5.060000000000003,32.04,3.5399999999999974,0.5600000000000002,,,6.804583333333333,8.831249999999999,215.04916666666668,0.4112499999999999,8.1625,19.172916666666666,3.3241666666666667,0.9670833333333334,,,3.06,3.8,3.5,4.2,4.9,4.68,145.91,155.05,150.95,0.33,0.62,0.07,4.9,5.66,6.32,32.71,26.81,29.87,3.5,4.12,2.97,0.56,0.46,0.56,,,,,,,5.0,6.0,6.0,,,,,,,,,,,,,,
1760878800.0,2025-10-19 13:00:00,2025-10-19 18:30:00,3.15,5.11,,,173.72,0.03,8.32,26.77,2.99,1.04,5.25,5.11,5.0,Good,18.0,19.0,6.0,10.0,3.0033333333333267,4.459999999999996,155.90666666666667,0.1533333333333335,6.3366666666666704,30.35333333333334,3.333333333333331,0.7466666666666669,,,6.796250000000001,8.8475,215.63916666666668,0.4116666666666666,8.210416666666667,19.112916666666667,3.344583333333333,0.9816666666666668,,,2.8,3.35,3.35,4.07,4.4,4.72,148.09,147.28,159.56,0.1,0.69,0.02,5.79,4.49,7.17,31.58,31.83,28.21,3.51,3.61,2.5,0.64,0.48,0.69,,,,,,,5.0,6.0,6.0,,,,,,,,,,,,,,
1760882400.0,2025-10-19 14:00:00,2025-10-19 19:30:00,4.32,7.71,,,221.33,0.05,11.27,20.38,2.57,1.6,7.200000000000001,7.71,8.0,Good,19.0,19.0,6.0,10.0,3.4233333333333267,5.629999999999996,181.04666666666665,0.0600000000000001,8.460000000000003,26.24333333333334,3.023333333333331,1.0933333333333335,,,6.815,8.926666666666668,217.2575,0.4120833333333333,8.331666666666665,18.91541666666667,3.359166666666667,1.0104166666666667,,,3.15,3.06,3.87,5.11,4.2,5.81,173.72,145.91,182.49,0.03,0.33,0.04,8.32,4.9,8.36,26.77,32.71,25.12,2.99,3.5,2.22,1.04,0.56,0.91,,,,,,,5.0,5.0,6.0,,,,,,,,,,,,,,
1760886000.0,2025-10-19 15:00:00,2025-10-19 20:30:00,5.71,10.61,,,264.54,0.09,12.73,16.11,2.48,2.04,9.516666666666667,10.61,11.0,Good,20.0,19.0,6.0,10.0,4.393333333333326,7.809999999999996,219.8633333333333,0.0566666666666668,10.773333333333335,21.08666666666667,2.679999999999998,1.5600000000000005,,,6.855416666666667,9.062916666666666,219.69458333333333,0.4120833333333333,8.482916666666666,18.6525,3.365833333333333,1.0491666666666666,,,4.32,2.8,4.74,7.71,4.07,7.34,221.33,148.09,206.05,0.05,0.1,0.09,11.27,5.79,9.1,20.38,31.58,22.42,2.57,3.51,2.32,1.6,0.64,1.11,,,,,,,8.0,5.0,8.0,,,,,,,,,,,,,,
1760889600.0,2025-10-19 16:00:00,2025-10-19 21:30:00,6.82,12.49,,,292.39,0.14,12.67,13.75,2.24,2.12,11.366666666666667,12.49,12.0,Good,21.0,19.0,6.0,10.0,5.61666666666666,10.269999999999996,259.42,0.0933333333333334,12.223333333333336,16.74666666666667,2.429999999999998,1.92,,,6.910833333333333,9.229583333333332,222.66083333333333,0.4129166666666666,8.627916666666666,18.38125,3.3554166666666667,1.0879166666666666,,,5.71,3.15,5.49,10.61,5.11,8.49,264.54,173.72,221.2,0.09,0.03,0.12,12.73,8.32,9.19,16.11,26.77,20.26,2.48,2.99,2.49,2.04,1.04,1.19,,,,,,,11.0,5.0,9.0,,,,,,,,,,,,,,
1760893200.0,2025-10-19 17:00:00,2025-10-19 22:30:00,7.48,13.03,,,304.92,0.25,11.76,13.07,1.89,1.85,12.466666666666669,13.03,13.0,Good,22.0,19.0,6.0,10.0,6.669999999999994,12.04333333333333,287.28333333333336,0.1600000000000001,12.38666666666667,14.310000000000004,2.203333333333331,2.0033333333333334,,,6.972916666666667,9.392083333333334,225.81458333333333,0.4183333333333333,8.741666666666667,18.12875,3.3250000000000006,1.11375,,,6.82,4.32,5.99,12.49,7.71,9.13,292.39,221.33,229.23,0.14,0.05,0.12,12.67,11.27,9.03,13.75,20.38,19.13,2.24,2.57,2.62,2.12,1.6,1.23,,,,,,,12.0,8.0,10.0,,,,,,,,,,,,,,
1760896800.0,2025-10-19 18:00:00,2025-10-19 23:30:00,7.39,11.75,,,297.36,0.4,10.38,13.86,1.51,1.49,12.316666666666666,11.75,12.0,Good,23.0,19.0,6.0,10.0,7.229999999999993,12.42333333333333,298.22333333333336,0.2633333333333335,11.603333333333335,13.560000000000004,1.879999999999998,1.8200000000000005,,,7.025416666666666,9.505,228.7266666666667,0.4316666666666666,8.803333333333333,17.927083333333332,3.272083333333333,1.1233333333333333,,,7.48,5.71,6.13,13.03,10.61,9.04,304.92,264.54,227.47,0.25,0.09,0.08,11.76,12.73,8.9,13.07,16.11,18.7,1.89,2.48,2.78,1.85,2.04,1.26,,,,,,,13.0,11.0,10.0,,,,,,,,,,,,,,
1760900400.0,2025-10-19 19:00:00,2025-10-20 00:30:00,6.64,9.41,,,269.49,0.5,8.51,15.71,1.35,1.13,11.066666666666666,9.41,11.0,Good,0.0,20.0,0.0,10.0,7.169999999999992,11.39666666666666,290.59000000000003,0.3833333333333334,10.21666666666667,14.213333333333338,1.583333333333331,1.4900000000000002,,,7.051666666666666,9.548333333333334,230.9154166666667,0.4508333333333333,8.795,17.81125,3.2070833333333333,1.1195833333333332,,,7.39,6.82,6.01,11.75,12.49,8.37,297.36,292.39,216.96,0.4,0.14,0.04,10.38,12.67,8.71,13.86,13.75,18.49,1.51,2.24,2.91,1.49,2.12,1.22,,,,,,,12.0,12.0,10.0,,,,,,,,,,,,,,
1760904000.0,2025-10-19 20:00:00,2025-10-20 01:30:00,6.71,8.9,,,265.53,0.49,7.78,15.06,1.44,1.06,11.183333333333334,8.9,11.0,Good,1.0,20.0,0.0,10.0,6.913333333333326,10.019999999999996,277.46000000000004,0.4633333333333334,8.890000000000004,14.876666666666672,1.4333333333333311,1.2266666666666668,,,7.072499999999999,9.574583333333331,233.0220833333333,0.47,8.769166666666667,17.700416666666666,3.1520833333333336,1.11375,,,6.64,7.48,6.21,9.41,13.03,8.27,269.49,304.92,214.97,0.5,0.25,0.03,8.51,11.76,8.4,15.71,13.07,17.72,1.35,1.89,2.76,1.13,1.85,1.2,,,,,,,11.0,13.0,10.0,,,,,,,,,,,,,,
1760907600.0,2025-10-19 21:00:00,2025-10-20 02:30:00,6.9,8.83,,,263.86,0.39,7.28,14.22,1.51,1.04,11.500000000000002,8.83,12.0,Good,2.0,20.0,0.0,10.0,6.749999999999993,9.046666666666663,266.2933333333333,0.4600000000000001,7.856666666666672,14.996666666666671,1.433333333333331,1.0766666666666669,,,7.086666666666667,9.590833333333332,234.97791666666663,0.4845833333333333,8.731250000000001,17.598333333333333,3.1025000000000005,1.1079166666666669,,,6.71,7.39,6.56,8.9,11.75,8.44,265.53,297.36,216.92,0.49,0.4,0.04,7.78,10.38,8.19,15.06,13.86,16.67,1.44,1.51,2.7,1.06,1.49,1.18,,,,,,,11.0,12.0,11.0,,,,,,,,,,,,,,
1760911200.0,2025-10-19 22:00:00,2025-10-20 03:30:00,7.15,8.93,,,260.68,0.17,7.08,13.59,1.41,1.02,11.916666666666668,8.93,12.0,Good,3.0,20.0,0.0,10.0,6.919999999999994,8.886666666666663,263.35666666666674,0.3500000000000001,7.3800000000000034,14.290000000000006,1.4533333333333307,1.04,,,7.077083333333333,9.578333333333331,236.32375,0.4887499999999999,8.677083333333334,17.56375,3.05125,1.0983333333333334,,,6.9,6.64,7.38,8.83,9.41,9.23,263.86,269.49,228.38,0.39,0.5,0.07,7.28,8.51,8.38,14.22,15.71,14.42,1.51,1.35,2.64,1.04,1.13,1.25,,,,,,,12.0,11.0,12.0,,,,,,,,,,,,,,
1760914800.0,2025-10-19 23:00:00,2025-10-20 04:30:00,7.66,9.45,,,263.21,0.15,6.9,12.84,1.27,1.04,12.766666666666667,9.45,13.0,Good,4.0,20.0,0.0,10.0,7.23666666666666,9.069999999999997,262.58333333333337,0.2366666666666668,7.0866666666666704,13.550000000000004,1.396666666666664,1.0333333333333334,,,7.035416666666666,9.530416666666666,236.97541666666663,0.4895833333333333,8.600416666666666,17.62125,2.9995833333333333,1.0829166666666663,,,7.15,6.71,8.66,8.93,8.9,10.6,260.68,265.53,247.57,0.17,0.49,0.13,7.08,7.78,8.74,13.59,15.06,11.46,1.41,1.44,2.51,1.02,1.06,1.41,,,,,,,12.0,11.0,14.0,,,,,,,,,,,,,,
1760918400.0,2025-10-20 00:00:00,2025-10-20 05:30:00,8.26,10.08,,,268.32,0.2,6.91,12.06,1.23,1.06,13.766666666666667,10.08,14.0,Good,5.0,20.0,0.0,10.0,7.689999999999993,9.486666666666665,264.07,0.1733333333333334,6.963333333333337,12.830000000000004,1.303333333333331,1.0400000000000005,,,6.959166666666666,9.44625,236.99,0.4870833333333333,8.507499999999999,17.7475,2.95,1.0633333333333337,,,7.66,6.9,10.09,9.45,8.83,12.1,263.21,263.86,267.97,0.15,0.39,0.26,6.9,7.28,9.14,12.84,14.22,9.03,1.27,1.51,2.42,1.04,1.04,1.53,,,,,,,13.0,12.0,17.0,,,,,,,,,,,,,,
1760922000.0,2025-10-20 01:00:00,2025-10-20 06:30:00,8.73,10.65,,,274.04,0.39,7.03,11.54,1.56,1.06,14.55,10.65,15.0,Good,6.0,20.0,0.0,10.0,8.21666666666666,10.059999999999995,268.52333333333337,0.2466666666666668,6.94666666666667,12.14666666666667,1.353333333333331,1.0533333333333337,,,6.852916666666666,9.330833333333333,236.4495833333333,0.4795833333333333,8.41,17.915416666666665,2.9120833333333334,1.04375,,,8.26,7.15,11.28,10.08,8.93,13.42,268.32,260.68,287.01,0.2,0.17,0.57,6.91,7.08,9.37,12.06,13.59,7.51,1.23,1.41,2.47,1.06,1.02,1.53,,,,,,,14.0,12.0,19.0,,,,,,,,,,,,,,
1760925600.0,2025-10-20 02:00:00,2025-10-20 07:30:00,9.48,11.96,,,293.76,0.95,7.83,10.57,2.08,1.13,15.8,11.96,16.0,Good,7.0,20.0,0.0,10.0,8.823333333333327,10.896666666666665,278.7066666666667,0.5133333333333335,7.25666666666667,11.390000000000006,1.623333333333331,1.0833333333333333,,,6.720833333333334,9.185416666666669,235.5520833333333,0.4795833333333332,8.326666666666666,18.08791666666667,2.8833333333333333,1.0304166666666668,,,8.73,7.66,12.65,10.65,9.45,15.45,274.04,263.21,315.3,0.39,0.15,0.95,7.03,6.9,9.83,11.54,12.84,6.43,1.56,1.27,2.77,1.06,1.04,1.45,,,,,,,15.0,13.0,21.0,,,,,,,,,,,,,,
1760929200.0,2025-10-20 03:00:00,2025-10-20 08:30:00,10.13,12.99,,,314.08,0.95,9.02,9.97,2.51,1.13,16.883333333333336,12.99,17.0,Good,8.0,20.0,0.0,10.0,9.44666666666666,11.866666666666664,293.96000000000004,0.7633333333333333,7.9600000000000035,10.693333333333335,2.0499999999999976,1.106666666666667,,,6.554166666666666,8.99875,234.22958333333327,0.4795833333333333,8.276666666666667,18.249583333333334,2.857083333333333,1.0216666666666667,,,9.48,8.26,14.13,11.96,10.08,17.47,293.76,268.32,345.82,0.95,0.2,0.95,7.83,6.91,10.22,10.57,12.06,6.09,2.08,1.23,3.14,1.13,1.06,1.34,,,,,,,16.0,14.0,24.0,,,,,,,,,,,,,,
1760932800.0,2025-10-20 04:00:00,2025-10-20 09:30:00,8.04,10.1,,,246.87,0.95,9.45,14.03,3.9,0.64,13.4,10.1,13.0,Good,9.0,20.0,0.0,10.0,9.21666666666666,11.68333333333333,284.90333333333336,0.95,8.76666666666667,11.52333333333334,2.829999999999997,0.9666666666666668,,,6.457083333333333,8.9,234.7758333333333,0.4795833333333333,8.253333333333334,18.17875,2.8183333333333334,1.0279166666666668,,,10.13,8.73,10.37,12.99,10.65,12.47,314.08,274.04,233.76,0.95,0.39,0.95,9.02,7.03,10.01,9.97,11.54,15.73,2.51,1.56,4.83,1.13,1.06,0.49,,,,,,,17.0,15.0,17.0,,,,,,,,,,,,,,
1760936400.0,2025-10-20 05:00:00,2025-10-20 10:30:00,7.08,8.88,,,223.27,0.95,9.22,15.55,4.42,0.56,11.8,8.88,12.0,Good,10.0,20.0,0.0,10.0,8.416666666666659,10.656666666666665,261.4066666666667,0.95,9.230000000000004,13.183333333333335,3.609999999999997,0.7766666666666668,,,6.3825,8.8175,235.31375,0.4795833333333333,8.250833333333334,18.08875,2.7862500000000003,1.0308333333333335,,,8.04,9.48,8.87,10.1,11.96,10.86,246.87,293.76,210.36,0.95,0.95,0.95,9.45,7.83,9.28,14.03,10.57,17.71,3.9,2.08,5.19,0.64,1.13,0.49,,,,,,,13.0,16.0,15.0,,,,,,,,,,,,,,
1760940000.0,2025-10-20 06:00:00,2025-10-20 11:30:00,6.65,8.21,,,212.56,0.95,8.87,16.83,4.77,0.52,11.083333333333334,8.21,11.0,Good,11.0,20.0,0.0,10.0,7.256666666666661,9.06333333333333,227.5666666666667,0.95,9.180000000000003,15.470000000000004,4.363333333333331,0.5733333333333336,,,6.336250000000001,8.76,235.8045833333333,0.4795833333333333,8.265,18.011666666666667,2.762916666666667,1.03,,,7.08,10.13,7.76,8.88,12.99,9.59,223.27,314.08,200.78,0.95,0.95,0.95,9.22,9.02,8.53,15.55,9.97,18.68,4.42,2.51,5.33,0.56,1.13,0.54,,,,,,,12.0,17.0,13.0,,,,,,,,,,,,,,
1760943600.0,2025-10-20 07:00:00,2025-10-20 12:30:00,5.88,7.17,,,198.02,0.95,8.76,18.64,4.99,0.44,9.8,7.17,10.0,Good,12.0,20.0,0.0,10.0,6.536666666666661,8.086666666666664,211.2833333333334,0.95,8.950000000000003,17.00666666666667,4.726666666666664,0.5066666666666668,,,6.327083333333333,8.740416666666667,236.3620833333333,0.4795833333333332,8.306666666666667,17.940833333333334,2.737083333333333,1.0258333333333334,,,6.65,8.04,6.1,8.21,10.1,7.64,212.56,246.87,184.64,0.95,0.95,0.95,8.87,9.45,7.76,16.83,14.03,20.34,4.77,3.9,5.61,0.52,0.64,0.54,,,,,,,11.0,13.0,10.0,,,,,,,,,,,,,,
1760947200.0,2025-10-20 08:00:00,2025-10-20 13:30:00,5.04,6.17,,,191.01,0.95,9.35,18.29,4.76,0.42,8.4,6.17,8.0,Good,13.0,20.0,0.0,10.0,5.856666666666659,7.18333333333333,200.5300000000001,0.95,8.993333333333338,17.920000000000005,4.839999999999997,0.4600000000000001,,,6.3429166666666665,8.75,237.30375,0.485,8.415,17.740416666666665,2.734166666666667,1.0220833333333337,,,5.88,7.08,4.66,7.17,8.88,5.94,198.02,223.27,168.41,0.95,0.95,0.82,8.76,9.22,6.75,18.64,15.55,23.1,4.99,4.42,4.83,0.44,0.56,0.51,,,,,,,10.0,12.0,8.0,,,,,,,,,,,,,,
1760950800.0,2025-10-20 09:00:00,2025-10-20 14:30:00,4.23,5.26,,,184.19,0.95,9.15,17.99,4.43,0.39,7.050000000000001,5.26,7.0,Good,14.0,20.0,0.0,10.0,5.049999999999994,6.199999999999996,191.07333333333327,0.95,9.086666666666671,18.306666666666672,4.726666666666664,0.4166666666666668,,,6.360833333333335,8.765,238.51791666666665,0.4987499999999999,8.560416666666667,17.372916666666665,2.7470833333333338,1.0191666666666668,,,5.04,6.65,3.8,6.17,8.21,4.9,191.01,212.56,155.05,0.95,0.95,0.62,9.35,8.87,5.66,18.29,16.83,26.81,4.76,4.77,4.12,0.42,0.52,0.46,,,,,,,8.0,11.0,6.0,,,,,,,,,,,,,,
1760954400.0,2025-10-20 10:00:00,2025-10-20 15:30:00,3.75,4.7,,,177.52,0.82,8.84,17.63,4.27,0.38,6.25,4.7,6.0,Good,15.0,20.0,0.0,10.0,4.339999999999994,5.376666666666663,184.24,0.9066666666666668,9.113333333333337,17.970000000000002,4.486666666666665,0.3966666666666668,,,6.3775,8.7775,239.77791666666667,0.5041666666666667,8.741666666666667,16.78125,2.7745833333333336,1.015,,,4.23,5.88,3.35,5.26,7.17,4.4,184.19,198.02,147.28,0.95,0.95,0.69,9.15,8.76,4.49,17.99,18.64,31.83,4.43,4.99,3.61,0.39,0.44,0.48,,,,,,,7.0,10.0,6.0,,,,,,,,,,,,,,
1760958000.0,2025-10-20 11:00:00,2025-10-20 16:30:00,3.82,4.8,,,175.85,0.71,9.21,16.03,4.25,0.4,6.366666666666666,4.8,6.0,Good,16.0,20.0,0.0,10.0,3.933333333333327,4.919999999999996,179.1866666666667,0.8266666666666668,9.06666666666667,17.216666666666672,4.316666666666664,0.3900000000000001,,,6.409166666666667,8.8025,241.02541666666664,0.5199999999999999,8.92125,16.08625,2.8058333333333336,1.0083333333333335,,,3.75,5.04,3.06,4.7,6.17,4.2,177.52,191.01,145.91,0.82,0.95,0.33,8.84,9.35,4.9,17.63,18.29,32.71,4.27,4.76,3.5,0.38,0.42,0.56,,,,,,,6.0,8.0,5.0,,,,,,,,,,,,,,
1760961600.0,2025-10-20 12:00:00,2025-10-20 17:30:00,3.92,4.96,,,176.57,0.47,10.07,13.74,4.21,0.41,6.533333333333333,4.96,7.0,Good,17.0,20.0,0.0,10.0,3.8299999999999934,4.819999999999997,176.64666666666668,0.6666666666666669,9.373333333333337,15.800000000000004,4.2433333333333305,0.3966666666666668,,,6.4558333333333335,8.839583333333334,242.2120833333333,0.5354166666666667,9.099583333333332,15.342916666666667,2.8349999999999995,0.99875,,,3.82,4.23,2.8,4.8,5.26,4.07,175.85,184.19,148.09,0.71,0.95,0.1,9.21,9.15,5.79,16.03,17.99,31.58,4.25,4.43,3.51,0.4,0.39,0.64,,,,,,,6.0,7.0,5.0,,,,,,,,,,,,,,
1760965200.0,2025-10-20 13:00:00,2025-10-20 18:30:00,4.1,5.34,,,183.13,0.24,11.03,11.0,3.86,0.49,6.833333333333333,5.34,7.0,Good,18.0,20.0,0.0,10.0,3.94666666666666,5.0333333333333306,178.51666666666668,0.4733333333333334,10.103333333333335,13.590000000000003,4.106666666666665,0.4333333333333335,,,6.495416666666666,8.849166666666667,242.60416666666663,0.5441666666666666,9.2125,14.685833333333337,2.87125,0.9758333333333332,,,3.92,3.75,3.15,4.96,4.7,5.11,176.57,177.52,173.72,0.47,0.82,0.03,10.07,8.84,8.32,13.74,17.63,26.77,4.21,4.27,2.99,0.41,0.38,1.04,,,,,,,7.0,6.0,5.0,,,,,,,,,,,,,,
1760968800.0,2025-10-20 14:00:00,2025-10-20 19:30:00,4.74,6.43,,,202.2,0.36,11.74,8.7,3.76,0.64,7.9,6.43,8.0,Good,19.0,20.0,0.0,10.0,4.253333333333327,5.576666666666664,187.30000000000004,0.3566666666666667,10.94666666666667,11.14666666666667,3.943333333333331,0.5133333333333335,,,6.5129166666666665,8.795833333333333,241.8070833333333,0.5570833333333333,9.232083333333334,14.199166666666668,2.920833333333333,0.9358333333333334,,,4.1,3.82,4.32,5.34,4.8,7.71,183.13,175.85,221.33,0.24,0.71,0.05,11.03,9.21,11.27,11.0,16.03,20.38,3.86,4.25,2.57,0.49,0.4,1.6,,,,,,,7.0,6.0,8.0,,,,,,,,,,,,,,
1760972400.0,2025-10-20 15:00:00,2025-10-20 20:30:00,5.75,7.87,,,225.84,0.57,12.5,6.91,4.0,0.77,9.583333333333334,7.87,10.0,Good,20.0,20.0,0.0,10.0,4.863333333333327,6.546666666666662,203.72333333333336,0.3900000000000001,11.75666666666667,8.870000000000005,3.873333333333331,0.6333333333333334,,,6.514583333333333,8.681666666666667,240.19458333333333,0.5770833333333333,9.2225,13.815833333333332,2.984166666666667,0.8829166666666667,,,4.74,3.92,5.71,6.43,4.96,10.61,202.2,176.57,264.54,0.36,0.47,0.09,11.74,10.07,12.73,8.7,13.74,16.11,3.76,4.21,2.48,0.64,0.41,2.04,,,,,,,8.0,7.0,11.0,,,,,,,,,,,,,,
1760976000.0,2025-10-20 16:00:00,2025-10-20 21:30:00,6.79,9.11,,,245.05,0.81,12.97,5.74,4.31,0.83,11.316666666666666,9.11,11.0,Good,21.0,20.0,0.0,10.0,5.759999999999994,7.80333333333333,224.3633333333333,0.5800000000000002,12.403333333333336,7.116666666666672,4.023333333333331,0.7466666666666667,,,6.513333333333333,8.540833333333333,238.22208333333333,0.605,9.235,13.482083333333334,3.0704166666666666,0.8291666666666667,,,5.75,4.1,6.82,7.87,5.34,12.49,225.84,183.13,292.39,0.57,0.24,0.14,12.5,11.03,12.67,6.91,11.0,13.75,4.0,3.86,2.24,0.77,0.49,2.12,,,,,,,10.0,7.0,12.0,,,,,,,,,,,,,,
1760979600.0,2025-10-20 17:00:00,2025-10-20 22:30:00,7.64,10.01,,,260.78,0.95,13.21,5.22,4.35,0.83,12.733333333333333,10.01,13.0,Good,22.0,20.0,0.0,10.0,6.72666666666666,8.996666666666663,243.89,0.7766666666666667,12.893333333333336,5.956666666666671,4.219999999999998,0.81,,,6.52,8.415,236.3829166666667,0.6341666666666667,9.295416666666666,13.155,3.172916666666666,0.7866666666666666,,,6.79,4.74,7.48,9.11,6.43,13.03,245.05,202.2,304.92,0.81,0.36,0.25,12.97,11.74,11.76,5.74,8.7,13.07,4.31,3.76,1.89,0.83,0.64,1.85,,,,,,,11.0,8.0,13.0,,,,,,,,,,,,,,
1760983200.0,2025-10-20 18:00:00,2025-10-20 23:30:00,8.13,10.27,,,268.89,0.95,13.31,4.99,4.17,0.76,13.550000000000002,10.27,14.0,Good,23.0,20.0,0.0,10.0,7.519999999999993,9.796666666666663,258.24,0.9033333333333334,13.163333333333336,5.316666666666671,4.276666666666664,0.8066666666666668,,,6.550833333333333,8.353333333333333,235.19666666666663,0.6570833333333334,9.4175,12.785416666666668,3.28375,0.7562500000000001,,,7.64,5.75,7.39,10.01,7.87,11.75,260.78,225.84,297.36,0.95,0.57,0.4,13.21,12.5,10.38,5.22,6.91,13.86,4.35,4.0,1.51,0.83,0.77,1.49,,,,,,,13.0,10.0,12.0,,,,,,,,,,,,,,
1760986800.0,2025-10-20 19:00:00,2025-10-21 00:30:00,8.14,9.75,,,266.97,0.95,13.2,4.92,3.73,0.63,13.566666666666668,9.75,14.0,Good,0.0,21.0,1.0,10.0,7.969999999999994,10.009999999999996,265.5466666666667,0.95,13.240000000000004,5.043333333333337,4.083333333333331,0.7400000000000001,,,6.613333333333334,8.3675,235.09166666666667,0.6758333333333333,9.612916666666669,12.335833333333332,3.3829166666666666,0.7354166666666667,,,8.13,6.79,6.64,10.27,9.11,9.41,268.89,245.05,269.49,0.95,0.81,0.5,13.31,12.97,8.51,4.99,5.74,15.71,4.17,4.31,1.35,0.76,0.83,1.13,,,,,,,14.0,11.0,11.0,,,,,,,,,,,,,,
1760990400.0,2025-10-20 20:00:00,2025-10-21 01:30:00,7.96,9.22,,,261.38,0.79,12.72,5.27,3.32,0.55,13.266666666666667,9.22,13.0,Good,1.0,21.0,1.0,10.0,8.07666666666666,9.746666666666664,265.74666666666667,0.8966666666666668,13.07666666666667,5.060000000000005,3.739999999999997,0.6466666666666668,,,6.665416666666666,8.380833333333333,234.91875,0.6883333333333334,9.81875,11.927916666666668,3.46125,0.7141666666666667,,,8.14,7.64,6.71,9.75,10.01,8.9,266.97,260.78,265.53,0.95,0.95,0.49,13.2,13.21,7.78,4.92,5.22,15.06,3.73,4.35,1.44,0.63,0.83,1.06,,,,,,,14.0,13.0,11.0,,,,,,,,,,,,,,
1760994000.0,2025-10-20 21:00:00,2025-10-21 02:30:00,7.6,8.63,,,252.98,0.63,11.84,6.07,3.05,0.49,12.666666666666666,8.63,13.0,Good,2.0,21.0,1.0,10.0,7.899999999999992,9.199999999999998,260.4433333333333,0.7900000000000001,12.586666666666668,5.420000000000004,3.366666666666664,0.5566666666666668,,,6.694583333333334,8.3725,234.46541666666667,0.6983333333333333,10.00875,11.588333333333331,3.525416666666666,0.69125,,,7.96,8.13,6.9,9.22,10.27,8.83,261.38,268.89,263.86,0.79,0.95,0.39,12.72,13.31,7.28,5.27,4.99,14.22,3.32,4.17,1.51,0.55,0.76,1.04,,,,,,,13.0,14.0,12.0,,,,,,,,,,,,,,
1760997600.0,2025-10-20 22:00:00,2025-10-21 03:30:00,7.17,8.04,,,243.16,0.55,11.0,6.95,3.03,0.45,11.95,8.04,12.0,Good,3.0,21.0,1.0,10.0,7.57666666666666,8.629999999999997,252.50666666666663,0.6566666666666668,11.85333333333334,6.096666666666671,3.13333333333333,0.4966666666666668,,,6.695416666666667,8.335416666666667,233.73541666666665,0.7141666666666667,10.172083333333331,11.311666666666667,3.592916666666666,0.6675,,,7.6,8.14,7.15,8.63,9.75,8.93,252.98,266.97,260.68,0.63,0.95,0.17,11.84,13.2,7.08,6.07,4.92,13.59,3.05,3.73,1.41,0.49,0.63,1.02,,,,,,,13.0,14.0,12.0,,,,,,,,,,,,,,
1761001200.0,2025-10-20 23:00:00,2025-10-21 04:30:00,6.74,7.51,,,234.18,0.46,10.08,7.8,2.85,0.42,11.233333333333334,7.51,11.0,Good,4.0,21.0,1.0,10.0,7.169999999999994,8.059999999999995,243.44000000000003,0.5466666666666669,10.973333333333336,6.940000000000005,2.9766666666666644,0.4533333333333334,,,6.6570833333333335,8.254583333333334,232.5258333333333,0.7270833333333333,10.304583333333332,11.101666666666668,3.65875,0.6416666666666667,,,7.17,7.96,7.66,8.04,9.22,9.45,243.16,261.38,263.21,0.55,0.79,0.15,11.0,12.72,6.9,6.95,5.27,12.84,3.03,3.32,1.27,0.45,0.55,1.04,,,,,,,12.0,13.0,13.0,,,,,,,,,,,,,,
1761004800.0,2025-10-21 00:00:00,2025-10-21 05:30:00,6.23,6.94,,,224.02,0.4,9.21,8.79,2.72,0.39,10.383333333333336,6.94,10.0,Good,5.0,21.0,1.0,10.0,6.713333333333328,7.496666666666663,233.78666666666663,0.4700000000000002,10.096666666666671,7.846666666666671,2.866666666666664,0.4200000000000001,,,6.572500000000001,8.12375,230.68000000000004,0.7354166666666666,10.400416666666668,10.965416666666664,3.720833333333333,0.6137499999999999,,,6.74,7.6,8.26,7.51,8.63,10.08,234.18,252.98,268.32,0.46,0.63,0.2,10.08,11.84,6.91,7.8,6.07,12.06,2.85,3.05,1.23,0.42,0.49,1.06,,,,,,,11.0,13.0,14.0,,,,,,,,,,,,,,
1761008400.0,2025-10-21 01:00:00,2025-10-21 06:30:00,5.67,6.44,,,214.63,0.37,8.33,10.06,2.65,0.4,9.45,6.44,9.0,Good,6.0,21.0,1.0,10.0,6.213333333333327,6.96333333333333,224.27666666666667,0.4100000000000001,9.20666666666667,8.883333333333338,2.739999999999998,0.4033333333333335,,,6.444999999999999,7.948333333333333,228.2045833333333,0.7345833333333333,10.454583333333334,10.90375,3.76625,0.58625,,,6.23,7.17,8.73,6.94,8.04,10.65,224.02,243.16,274.04,0.4,0.55,0.39,9.21,11.0,7.03,8.79,6.95,11.54,2.72,3.03,1.56,0.39,0.45,1.06,,,,,,,10.0,12.0,15.0,,,,,,,,,,,,,,
1761012000.0,2025-10-21 02:00:00,2025-10-21 07:30:00,5.47,6.65,,,216.58,0.6,7.91,11.0,2.75,0.51,9.116666666666667,6.65,9.0,Good,7.0,21.0,1.0,10.0,5.789999999999995,6.676666666666663,218.41,0.4566666666666668,8.483333333333338,9.950000000000005,2.7066666666666648,0.4333333333333334,,,6.277916666666667,7.727083333333334,224.98875,0.7199999999999999,10.457916666666668,10.921666666666669,3.794166666666666,0.5604166666666667,,,5.67,6.74,9.48,6.44,7.51,11.96,214.63,234.18,293.76,0.37,0.46,0.95,8.33,10.08,7.83,10.06,7.8,10.57,2.65,2.85,2.08,0.4,0.42,1.13,,,,,,,9.0,11.0,16.0,,,,,,,,,,,,,,
1761015600.0,2025-10-21 03:00:00,2025-10-21 08:30:00,5.56,7.16,,,228.61,0.95,7.79,11.89,2.98,0.61,9.266666666666666,7.16,9.0,Good,8.0,21.0,1.0,10.0,5.56666666666666,6.7499999999999964,219.94000000000003,0.6400000000000001,8.010000000000003,10.98333333333334,2.793333333333331,0.5066666666666668,,,6.0875,7.484166666666667,221.4275,0.7200000000000001,10.406666666666666,11.001666666666669,3.81375,0.5387500000000001,,,5.47,6.23,10.13,6.65,6.94,12.99,216.58,224.02,314.08,0.6,0.4,0.95,7.91,9.21,9.02,11.0,8.79,9.97,2.75,2.72,2.51,0.51,0.39,1.13,,,,,,,9.0,10.0,17.0,,,,,,,,,,,,,,
1761019200.0,2025-10-21 04:00:00,2025-10-21 09:30:00,5.52,7.29,,,236.05,0.95,7.27,14.11,3.28,0.62,9.2,7.29,9.0,Good,9.0,21.0,1.0,10.0,5.51666666666666,7.0333333333333306,227.08000000000004,0.8333333333333335,7.65666666666667,12.333333333333336,3.0033333333333307,0.5800000000000002,,,5.982500000000001,7.367083333333333,220.9766666666667,0.7200000000000001,10.315833333333334,11.005,3.7879166666666655,0.5379166666666667,,,5.56,5.67,8.04,7.16,6.44,10.1,228.61,214.63,246.87,0.95,0.37,0.95,7.79,8.33,9.45,11.89,10.06,14.03,2.98,2.65,3.9,0.61,0.4,0.64,,,,,,,9.0,9.0,13.0,,,,,,,,,,,,,,
1761022800.0,2025-10-21 05:00:00,2025-10-21 10:30:00,5.41,7.1,,,237.76,0.95,6.64,17.14,3.48,0.58,9.016666666666667,7.1,9.0,Good,10.0,21.0,1.0,10.0,5.49666666666666,7.18333333333333,234.14,0.95,7.233333333333337,14.380000000000004,3.2466666666666644,0.6033333333333335,,,5.912916666666667,7.292916666666667,221.58041666666668,0.7200000000000001,10.208333333333334,11.07125,3.74875,0.53875,,,5.52,5.47,7.08,7.29,6.65,8.88,236.05,216.58,223.27,0.95,0.6,0.95,7.27,7.91,9.22,14.11,11.0,15.55,3.28,2.75,4.42,0.62,0.51,0.56,,,,,,,9.0,9.0,12.0,,,,,,,,,,,,,,
1761026400.0,2025-10-21 06:00:00,2025-10-21 11:30:00,5.33,6.83,,,238.52,0.95,6.34,20.13,3.54,0.5,8.883333333333335,6.83,9.0,Good,11.0,21.0,1.0,10.0,5.419999999999994,7.07333333333333,237.44333333333336,0.95,6.750000000000004,17.12666666666667,3.4333333333333305,0.5666666666666668,,,5.857916666666667,7.235416666666667,222.66208333333336,0.7199999999999999,10.102916666666667,11.20875,3.6975,0.5379166666666667,,,5.41,5.56,6.65,7.1,7.16,8.21,237.76,228.61,212.56,0.95,0.95,0.95,6.64,7.79,8.87,17.14,11.89,16.83,3.48,2.98,4.77,0.58,0.61,0.52,,,,,,,9.0,9.0,11.0,,,,,,,,,,,,,,
1761030000.0,2025-10-21 07:00:00,2025-10-21 12:30:00,5.34,6.65,,,239.13,0.95,6.35,22.72,3.59,0.45,8.9,6.65,9.0,Good,12.0,21.0,1.0,10.0,5.359999999999993,6.859999999999997,238.47000000000003,0.95,6.443333333333338,19.99666666666667,3.536666666666664,0.5100000000000001,,,5.835416666666667,7.21375,224.375,0.7199999999999999,10.0025,11.378749999999998,3.639166666666666,0.5383333333333333,,,5.33,5.52,5.88,6.83,7.29,7.17,238.52,236.05,198.02,0.95,0.95,0.95,6.34,7.27,8.76,20.13,14.11,18.64,3.54,3.28,4.99,0.5,0.62,0.44,,,,,,,9.0,9.0,10.0,,,,,,,,,,,,,,
1761033600.0,2025-10-21 08:00:00,2025-10-21 13:30:00,5.31,6.5,,,239.8,0.95,6.1,24.94,3.37,0.42,8.85,6.5,9.0,Good,13.0,21.0,1.0,10.0,5.32666666666666,6.659999999999997,239.15,0.95,6.263333333333336,22.596666666666675,3.499999999999998,0.4566666666666668,,,5.846666666666667,7.2275,226.4079166666667,0.7199999999999999,9.867083333333332,11.655833333333334,3.5812500000000003,0.5383333333333333,,,5.34,5.41,5.04,6.65,7.1,6.17,239.13,237.76,191.01,0.95,0.95,0.95,6.35,6.64,9.35,22.72,17.14,18.29,3.59,3.48,4.76,0.45,0.58,0.42,,,,,,,9.0,9.0,8.0,,,,,,,,,,,,,,
1761037200.0,2025-10-21 09:00:00,2025-10-21 14:30:00,5.03,6.16,,,237.21,0.95,5.8,26.8,3.05,0.41,8.383333333333335,6.16,8.0,Good,14.0,21.0,1.0,10.0,5.22666666666666,6.436666666666664,238.71333333333337,0.95,6.083333333333337,24.820000000000007,3.336666666666664,0.4266666666666667,,,5.879999999999999,7.265,228.6170833333333,0.7200000000000001,9.7275,12.022916666666667,3.52375,0.5391666666666667,,,5.31,5.33,4.23,6.5,6.83,5.26,239.8,238.52,184.19,0.95,0.95,0.95,6.1,6.34,9.15,24.94,20.13,17.99,3.37,3.54,4.43,0.42,0.5,0.39,,,,,,,9.0,9.0,7.0,,,,,,,,,,,,,,
1761040800.0,2025-10-21 10:00:00,2025-10-21 15:30:00,4.78,5.88,,,234.69,0.65,5.98,27.55,2.76,0.41,7.966666666666668,5.88,8.0,Good,15.0,21.0,1.0,10.0,5.039999999999994,6.179999999999996,237.2333333333333,0.8500000000000001,5.960000000000004,26.430000000000007,3.0599999999999974,0.4133333333333334,,,5.922916666666666,7.314166666666666,230.99916666666664,0.7129166666666666,9.608333333333333,12.43625,3.460833333333333,0.5404166666666667,,,5.03,5.34,3.75,6.16,6.65,4.7,237.21,239.13,177.52,0.95,0.95,0.82,5.8,6.35,8.84,26.8,22.72,17.63,3.05,3.59,4.27,0.41,0.45,0.38,,,,,,,8.0,9.0,6.0,,,,,,,,,,,,,,
1761044400.0,2025-10-21 11:00:00,2025-10-21 16:30:00,4.61,5.71,,,235.63,0.31,6.89,26.43,2.64,0.43,7.6833333333333345,5.71,8.0,Good,16.0,21.0,1.0,10.0,4.80666666666666,5.916666666666663,235.84333333333333,0.6366666666666668,6.223333333333336,26.92666666666668,2.816666666666664,0.4166666666666667,,,5.9558333333333335,7.352083333333334,233.49,0.6962499999999999,9.511666666666668,12.869583333333331,3.3937499999999994,0.5416666666666666,,,4.78,5.31,3.82,5.88,6.5,4.8,234.69,239.8,175.85,0.65,0.95,0.71,5.98,6.1,9.21,27.55,24.94,16.03,2.76,3.37,4.25,0.41,0.42,0.4,,,,,,,8.0,9.0,6.0,,,,,,,,,,,,,,
1761048000.0,2025-10-21 12:00:00,2025-10-21 17:30:00,4.5,5.58,,,240.08,0.1,8.16,24.99,2.61,0.44,7.5,5.58,8.0,Good,17.0,21.0,1.0,10.0,4.629999999999993,5.723333333333329,236.80000000000004,0.3533333333333335,7.0100000000000025,26.323333333333338,2.6699999999999977,0.4266666666666667,,,5.98,7.377916666666667,236.13625,0.6808333333333333,9.432083333333331,13.338333333333331,3.327083333333334,0.5429166666666667,,,4.61,5.03,3.92,5.71,6.16,4.96,235.63,237.21,176.57,0.31,0.95,0.47,6.89,5.8,10.07,26.43,26.8,13.74,2.64,3.05,4.21,0.43,0.41,0.41,,,,,,,8.0,8.0,7.0,,,,,,,,,,,,,,
1761051600.0,2025-10-21 13:00:00,2025-10-21 18:30:00,4.48,5.64,,,244.08,0.03,9.05,24.19,2.48,0.48,7.466666666666668,5.64,7.0,Good,18.0,21.0,1.0,10.0,4.529999999999994,5.64333333333333,239.93000000000004,0.1466666666666668,8.033333333333337,25.203333333333337,2.5766666666666644,0.4500000000000001,,,5.995833333333334,7.390416666666667,238.6758333333333,0.6720833333333333,9.349583333333332,13.887916666666667,3.2695833333333333,0.5425,,,4.5,4.78,4.1,5.58,5.88,5.34,240.08,234.69,183.13,0.1,0.65,0.24,8.16,5.98,11.03,24.99,27.55,11.0,2.61,2.76,3.86,0.44,0.41,0.49,,,,,,,8.0,8.0,7.0,,,,,,,,,,,,,,
1761055200.0,2025-10-21 14:00:00,2025-10-21 19:30:00,4.79,6.19,,,250.57,0.03,9.55,23.64,2.57,0.54,7.983333333333333,6.19,8.0,Good,19.0,21.0,1.0,10.0,4.589999999999994,5.80333333333333,244.91,0.0533333333333334,8.920000000000003,24.27333333333334,2.553333333333331,0.4866666666666668,,,5.997916666666668,7.380416666666666,240.69125,0.6583333333333333,9.258333333333333,14.510416666666666,3.22,0.5383333333333333,,,4.48,4.61,4.74,5.64,5.71,6.43,244.08,235.63,202.2,0.03,0.31,0.36,9.05,6.89,11.74,24.19,26.43,8.7,2.48,2.64,3.76,0.48,0.43,0.64,,,,,,,7.0,8.0,8.0,,,,,,,,,,,,,,
1761058800.0,2025-10-21 15:00:00,2025-10-21 20:30:00,5.48,7.1,,,261.18,0.03,10.26,22.68,2.81,0.59,9.133333333333336,7.1,9.0,Good,20.0,21.0,1.0,10.0,4.916666666666661,6.309999999999996,251.94333333333336,0.03,9.620000000000005,23.50333333333334,2.619999999999998,0.5366666666666667,,,5.986666666666667,7.348333333333333,242.16375,0.6358333333333334,9.165,15.1675,3.1704166666666667,0.5308333333333334,,,4.79,4.5,5.75,6.19,5.58,7.87,250.57,240.08,225.84,0.03,0.1,0.57,9.55,8.16,12.5,23.64,24.99,6.91,2.57,2.61,4.0,0.54,0.44,0.77,,,,,,,8.0,8.0,10.0,,,,,,,,,,,,,,
1761062400.0,2025-10-21 16:00:00,2025-10-21 21:30:00,6.12,7.78,,,268.01,0.03,10.86,21.66,3.27,0.57,10.2,7.78,10.0,Good,21.0,21.0,1.0,10.0,5.463333333333328,7.02333333333333,259.92,0.03,10.223333333333336,22.660000000000007,2.883333333333331,0.5666666666666668,,,5.958750000000001,7.292916666666667,243.12041666666667,0.6033333333333333,9.077083333333333,15.830833333333333,3.127083333333333,0.52,,,5.48,4.48,6.79,7.1,5.64,9.11,261.18,244.08,245.05,0.03,0.03,0.81,10.26,9.05,12.97,22.68,24.19,5.74,2.81,2.48,4.31,0.59,0.48,0.83,,,,,,,9.0,7.0,11.0,,,,,,,,,,,,,,
1761066000.0,2025-10-21 17:00:00,2025-10-21 22:30:00,6.68,8.29,,,274.46,0.04,11.39,20.87,3.52,0.55,11.133333333333333,8.29,11.0,Good,22.0,21.0,1.0,10.0,6.093333333333327,7.723333333333329,267.8833333333334,0.0333333333333334,10.836666666666671,21.736666666666668,3.199999999999997,0.5700000000000001,,,5.91875,7.221249999999999,243.69041666666664,0.5654166666666667,9.001249999999999,16.482916666666668,3.0925,0.5083333333333333,,,6.12,4.79,7.64,7.78,6.19,10.01,268.01,250.57,260.78,0.03,0.03,0.95,10.86,9.55,13.21,21.66,23.64,5.22,3.27,2.57,4.35,0.57,0.54,0.83,,,,,,,10.0,8.0,13.0,,,,,,,,,,,,,,
1761069600.0,2025-10-21 18:00:00,2025-10-21 23:30:00,7.09,8.52,,,278.56,0.05,11.78,20.1,3.59,0.51,11.816666666666666,8.52,12.0,Good,23.0,21.0,1.0,10.0,6.629999999999993,8.196666666666664,273.6766666666667,0.0400000000000001,11.343333333333335,20.876666666666672,3.4599999999999973,0.5433333333333334,,,5.875416666666666,7.148333333333333,244.09333333333336,0.5279166666666667,8.9375,17.1125,3.0683333333333334,0.4979166666666666,,,6.68,5.48,8.13,8.29,7.1,10.27,274.46,261.18,268.89,0.04,0.03,0.95,11.39,10.26,13.31,20.87,22.68,4.99,3.52,2.81,4.17,0.55,0.59,0.76,,,,,,,11.0,9.0,14.0,,,,,,,,,,,,,,
1761073200.0,2025-10-21 19:00:00,2025-10-22 00:30:00,7.22,8.34,,,279.68,0.06,11.77,19.14,3.56,0.46,12.033333333333331,8.34,12.0,Good,0.0,22.0,2.0,10.0,6.99666666666666,8.38333333333333,277.56666666666666,0.0500000000000001,11.64666666666667,20.036666666666672,3.5566666666666644,0.5066666666666668,,,5.837083333333332,7.089583333333334,244.62291666666667,0.4908333333333333,8.877916666666666,17.705000000000002,3.06125,0.4908333333333333,,,7.09,6.12,8.14,8.52,7.78,9.75,278.56,268.01,266.97,0.05,0.03,0.95,11.78,10.86,13.2,20.1,21.66,4.92,3.59,3.27,3.73,0.51,0.57,0.63,,,,,,,12.0,10.0,14.0,,,,,,,,,,,,,,
1761076800.0,2025-10-21 20:00:00,2025-10-22 01:30:00,6.99,7.92,,,279.1,0.07,11.29,18.41,3.43,0.44,11.65,7.92,12.0,Good,1.0,22.0,2.0,10.0,7.099999999999993,8.259999999999996,279.11333333333334,0.0600000000000001,11.613333333333337,19.216666666666672,3.526666666666664,0.4700000000000001,,,5.796666666666667,7.035416666666666,245.36125,0.4608333333333332,8.818333333333333,18.2525,3.0658333333333334,0.48625,,,7.22,6.68,7.96,8.34,8.29,9.22,279.68,274.46,261.38,0.06,0.04,0.79,11.77,11.39,12.72,19.14,20.87,5.27,3.56,3.52,3.32,0.46,0.55,0.55,,,,,,,12.0,11.0,13.0,,,,,,,,,,,,,,
1761080400.0,2025-10-21 21:00:00,2025-10-22 02:30:00,6.47,7.26,,,275.47,0.08,10.42,18.13,3.17,0.43,10.783333333333331,7.26,11.0,Good,2.0,22.0,2.0,10.0,6.893333333333326,7.839999999999996,278.08333333333337,0.0700000000000001,11.160000000000002,18.56000000000001,3.3866666666666645,0.4433333333333334,,,5.749583333333333,6.978333333333334,246.2983333333333,0.4379166666666667,8.759166666666667,18.755,3.0708333333333333,0.4837499999999999,,,6.99,7.09,7.6,7.92,8.52,8.63,279.1,278.56,252.98,0.07,0.05,0.63,11.29,11.78,11.84,18.41,20.1,6.07,3.43,3.59,3.05,0.44,0.51,0.49,,,,,,,12.0,12.0,13.0,,,,,,,,,,,,,,
1761084000.0,2025-10-21 22:00:00,2025-10-22 03:30:00,5.93,6.64,,,270.43,0.1,9.57,17.7,2.97,0.43,9.883333333333333,6.64,10.0,Good,3.0,22.0,2.0,10.0,6.463333333333327,7.27333333333333,275.00000000000006,0.0833333333333334,10.426666666666671,18.08,3.1899999999999977,0.4333333333333334,,,5.697916666666667,6.919999999999999,247.4345833333333,0.4191666666666666,8.699583333333333,19.202916666666663,3.0683333333333334,0.4829166666666666,,,6.47,7.22,7.17,7.26,8.34,8.04,275.47,279.68,243.16,0.08,0.06,0.55,10.42,11.77,11.0,18.13,19.14,6.95,3.17,3.56,3.03,0.43,0.46,0.45,,,,,,,11.0,12.0,12.0,,,,,,,,,,,,,,
1761087600.0,2025-10-21 23:00:00,2025-10-22 04:30:00,5.47,6.14,,,264.2,0.1,8.82,17.32,2.94,0.44,9.116666666666667,6.14,9.0,Good,4.0,22.0,2.0,10.0,5.95666666666666,6.679999999999996,270.03333333333336,0.0933333333333334,9.603333333333335,17.716666666666672,3.026666666666664,0.4333333333333334,,,5.645,6.862916666666667,248.6854166666667,0.4041666666666666,8.647083333333333,19.59958333333333,3.072083333333333,0.4837499999999999,,,5.93,6.99,6.74,6.64,7.92,7.51,270.43,279.1,234.18,0.1,0.07,0.46,9.57,11.29,10.08,17.7,18.41,7.8,2.97,3.43,2.85,0.43,0.44,0.42,,,,,,,10.0,12.0,11.0,,,,,,,,,,,,,,
1761091200.0,2025-10-22 00:00:00,2025-10-22 05:30:00,5.12,5.78,,,257.98,0.11,8.26,16.96,3.05,0.45,8.533333333333333,5.78,9.0,Good,5.0,22.0,2.0,10.0,5.506666666666661,6.186666666666663,264.2033333333334,0.1033333333333334,8.883333333333338,17.32666666666667,2.9866666666666646,0.4400000000000001,,,5.59875,6.814583333333334,250.10041666666663,0.3920833333333333,8.6075,19.94,3.085833333333333,0.48625,,,5.47,6.47,6.23,6.14,7.26,6.94,264.2,275.47,224.02,0.1,0.08,0.4,8.82,10.42,9.21,17.32,18.13,8.79,2.94,3.17,2.72,0.44,0.43,0.39,,,,,,,9.0,11.0,10.0,,,,,,,,,,,,,,
1761094800.0,2025-10-22 01:00:00,2025-10-22 06:30:00,4.89,5.66,,,252.2,0.12,7.92,17.02,3.22,0.47,8.15,5.66,8.0,Good,6.0,22.0,2.0,10.0,5.159999999999994,5.859999999999996,258.1266666666667,0.1100000000000001,8.333333333333337,17.100000000000005,3.069999999999997,0.4533333333333334,,,5.56625,6.7820833333333335,251.66583333333327,0.3816666666666666,8.590416666666666,20.23,3.1095833333333336,0.4891666666666667,,,5.12,5.93,5.67,5.78,6.64,6.44,257.98,270.43,214.63,0.11,0.1,0.37,8.26,9.57,8.33,16.96,17.7,10.06,3.05,2.97,2.65,0.45,0.43,0.4,,,,,,,9.0,10.0,9.0,,,,,,,,,,,,,,
1761098400.0,2025-10-22 02:00:00,2025-10-22 07:30:00,4.97,6.13,,,254.47,0.24,8.17,17.14,3.57,0.59,8.283333333333333,6.13,8.0,Good,7.0,22.0,2.0,10.0,4.993333333333326,5.856666666666663,254.88333333333333,0.1566666666666668,8.116666666666669,17.040000000000006,3.2799999999999976,0.5033333333333334,,,5.545416666666667,6.760416666666667,253.2445833333333,0.3666666666666666,8.601249999999999,20.48583333333333,3.1437500000000003,0.4925,,,4.89,5.47,5.47,5.66,6.14,6.65,252.2,264.2,216.58,0.12,0.1,0.6,7.92,8.82,7.91,17.02,17.32,11.0,3.22,2.94,2.75,0.47,0.44,0.51,,,,,,,8.0,9.0,9.0,,,,,,,,,,,,,,
1761102000.0,2025-10-22 03:00:00,2025-10-22 08:30:00,5.15,6.64,,,260.71,0.55,8.74,17.78,4.08,0.68,8.583333333333334,6.64,9.0,Good,8.0,22.0,2.0,10.0,5.003333333333327,6.14333333333333,255.7933333333333,0.3033333333333335,8.27666666666667,17.313333333333336,3.6233333333333313,0.5800000000000001,,,5.528333333333333,6.73875,254.5820833333333,0.35,8.640833333333333,20.73125,3.189583333333333,0.4954166666666666,,,4.97,5.12,5.56,6.13,5.78,7.16,254.47,257.98,228.61,0.24,0.11,0.95,8.17,8.26,7.79,17.14,16.96,11.89,3.57,3.05,2.98,0.59,0.45,0.61,,,,,,,8.0,9.0,9.0,,,,,,,,,,,,,,
1761105600.0,2025-10-22 04:00:00,2025-10-22 09:30:00,4.87,6.29,,,251.76,0.78,8.32,22.26,4.17,0.59,8.116666666666667,6.29,8.0,Good,9.0,22.0,2.0,10.0,4.99666666666666,6.353333333333329,255.64666666666668,0.5233333333333335,8.410000000000004,19.06000000000001,3.9399999999999977,0.6200000000000001,,,5.50125,6.697083333333334,255.23666666666668,0.3429166666666667,8.684583333333332,21.070833333333333,3.2266666666666666,0.4941666666666666,,,5.15,4.89,5.52,6.64,5.66,7.29,260.71,252.2,236.05,0.55,0.12,0.95,8.74,7.92,7.27,17.78,17.02,14.11,4.08,3.22,3.28,0.68,0.47,0.62,,,,,,,9.0,8.0,9.0,,,,,,,,,,,,,,
1761109200.0,2025-10-22 05:00:00,2025-10-22 10:30:00,5.16,6.61,,,252.15,0.95,8.41,25.55,4.42,0.57,8.600000000000001,6.61,9.0,Good,10.0,22.0,2.0,10.0,5.059999999999994,6.513333333333329,254.8733333333333,0.7600000000000001,8.490000000000004,21.86333333333334,4.22333333333333,0.6133333333333334,,,5.490833333333334,6.676666666666666,255.83625,0.3429166666666666,8.758333333333333,21.42125,3.265833333333333,0.4937499999999999,,,4.87,4.97,5.41,6.29,6.13,7.1,251.76,254.47,237.76,0.78,0.24,0.95,8.32,8.17,6.64,22.26,17.14,17.14,4.17,3.57,3.48,0.59,0.59,0.58,,,,,,,8.0,8.0,9.0,,,,,,,,,,,,,,
1761112800.0,2025-10-22 06:00:00,2025-10-22 11:30:00,5.81,7.26,,,258.45,0.95,8.72,28.52,4.8,0.55,9.683333333333334,7.26,10.0,Good,11.0,22.0,2.0,10.0,5.279999999999993,6.719999999999996,254.12,0.8933333333333335,8.483333333333336,25.44333333333334,4.463333333333331,0.5700000000000001,,,5.510833333333334,6.694583333333333,256.6666666666667,0.3429166666666667,8.8575,21.77083333333333,3.3183333333333334,0.4958333333333333,,,5.16,5.15,5.33,6.61,6.64,6.83,252.15,260.71,238.52,0.95,0.55,0.95,8.41,8.74,6.34,25.55,17.78,20.13,4.42,4.08,3.54,0.57,0.68,0.5,,,,,,,9.0,9.0,9.0,,,,,,,,,,,,,,
1761116400.0,2025-10-22 07:00:00,2025-10-22 12:30:00,6.48,7.92,,,262.67,0.95,8.97,32.05,6.43,0.48,10.8,7.92,11.0,Good,12.0,22.0,2.0,10.0,5.81666666666666,7.263333333333329,257.75666666666666,0.95,8.700000000000005,28.706666666666667,5.216666666666664,0.5333333333333334,,,5.558333333333334,6.7475,257.6475,0.3429166666666667,8.966666666666667,22.15958333333333,3.436666666666667,0.4970833333333333,,,5.81,4.87,5.34,7.26,6.29,6.65,258.45,251.76,239.13,0.95,0.78,0.95,8.72,8.32,6.35,28.52,22.26,22.72,4.8,4.17,3.59,0.55,0.59,0.45,,,,,,,10.0,8.0,9.0,,,,,,,,,,,,,,
1761120000.0,2025-10-22 08:00:00,2025-10-22 13:30:00,7.49,9.03,,,272.81,0.95,10.39,32.24,8.31,0.51,12.483333333333334,9.03,12.0,Good,13.0,22.0,2.0,10.0,6.593333333333327,8.069999999999997,264.6433333333334,0.95,9.360000000000005,30.936666666666667,6.513333333333331,0.5133333333333334,,,5.649166666666667,6.852916666666666,259.0229166666667,0.3429166666666667,9.145416666666668,22.46375,3.6425,0.5008333333333334,,,6.48,5.16,5.31,7.92,6.61,6.5,262.67,252.15,239.8,0.95,0.95,0.95,8.97,8.41,6.1,32.05,25.55,24.94,6.43,4.42,3.37,0.48,0.57,0.42,,,,,,,11.0,9.0,9.0,,,,,,,,,,,,,,
1761123600.0,2025-10-22 09:00:00,2025-10-22 14:30:00,8.94,10.62,,,288.83,0.95,13.15,29.91,10.19,0.55,14.9,10.62,15.0,Good,14.0,22.0,2.0,10.0,7.63666666666666,9.189999999999996,274.77,0.95,10.836666666666671,31.40000000000001,8.309999999999997,0.5133333333333335,,,5.812083333333334,7.03875,261.17375,0.3429166666666666,9.451666666666666,22.593333333333334,3.94,0.5066666666666667,,,7.49,5.81,5.03,9.03,7.26,6.16,272.81,258.45,237.21,0.95,0.95,0.95,10.39,8.72,5.8,32.24,28.52,26.8,8.31,4.8,3.05,0.51,0.55,0.41,,,,,,,12.0,10.0,8.0,,,,,,,,,,,,,,
1761127200.0,2025-10-22 10:00:00,2025-10-22 15:30:00,11.02,12.96,,,314.99,0.95,16.91,25.23,11.56,0.66,18.366666666666667,12.96,18.0,Good,15.0,22.0,2.0,10.0,9.149999999999991,10.869999999999996,292.21,0.95,13.48333333333334,29.12666666666668,10.019999999999998,0.5733333333333335,,,6.072083333333333,7.333749999999999,264.51958333333334,0.3554166666666666,9.907083333333334,22.496666666666663,4.306666666666666,0.5170833333333333,,,8.94,6.48,4.78,10.62,7.92,5.88,288.83,262.67,234.69,0.95,0.95,0.65,13.15,8.97,5.98,29.91,32.05,27.55,10.19,6.43,2.76,0.55,0.48,0.41,,,,,,,15.0,11.0,8.0,,,,,,,,,,,,,,
1761130800.0,2025-10-22 11:00:00,2025-10-22 16:30:00,13.42,15.75,,,345.87,0.95,20.5,20.76,12.72,0.78,22.366666666666667,15.75,22.0,Good,16.0,22.0,2.0,10.0,11.12666666666666,13.109999999999998,316.56333333333333,0.95,16.85333333333334,25.300000000000008,11.489999999999997,0.6633333333333334,,,6.439166666666668,7.752083333333332,269.11291666666665,0.3820833333333333,10.474166666666669,22.260416666666668,4.726666666666668,0.5316666666666667,,,11.02,7.49,4.61,12.96,9.03,5.71,314.99,272.81,235.63,0.95,0.95,0.31,16.91,10.39,6.89,25.23,32.24,26.43,11.56,8.31,2.64,0.66,0.51,0.43,,,,,,,18.0,12.0,8.0,,,,,,,,,,,,,,
1761134400.0,2025-10-22 12:00:00,2025-10-22 17:30:00,15.77,18.41,,,376.17,0.95,22.325000000000003,17.03,13.96,0.8,26.28333333333333,18.41,26.0,Good,17.0,22.0,2.0,10.0,13.403333333333329,15.706666666666663,345.67666666666673,0.95,19.911666666666672,21.006666666666675,12.746666666666664,0.7466666666666667,,,6.90875,8.286666666666667,274.78333333333336,0.4175,11.064375,21.92875,5.199583333333333,0.5466666666666666,,,13.42,8.94,4.5,15.75,10.62,5.58,345.87,288.83,240.08,0.95,0.95,0.1,20.5,13.15,8.16,20.76,29.91,24.99,12.72,10.19,2.61,0.78,0.55,0.44,,,,,,,22.0,15.0,8.0,,,,,,,,,,,,,,
1761138000.0,2025-10-22 13:00:00,2025-10-22 18:30:00,18.64,22.37,,,429.08,0.95,22.325000000000003,11.86,12.32,1.21,31.06666666666667,22.37,31.0,Good,18.0,22.0,2.0,10.0,15.943333333333328,18.84333333333333,383.7066666666667,0.95,21.716666666666672,16.550000000000008,12.999999999999998,0.93,,,7.49875,8.983749999999999,282.4916666666667,0.4558333333333333,11.6175,21.415000000000003,5.609583333333333,0.5770833333333334,,,15.77,11.02,4.48,18.41,12.96,5.64,376.17,314.99,244.08,0.95,0.95,0.03,22.325000000000003,16.91,9.05,17.03,25.23,24.19,13.96,11.56,2.48,0.8,0.66,0.48,,,,,,,26.0,18.0,7.0,,,,,,,,,,,,,,
1761141600.0,2025-10-22 14:00:00,2025-10-22 19:30:00,22.49,28.39,,,507.9,0.95,22.325000000000003,8.73,9.97,1.9,37.48333333333333,28.39,37.0,Good,19.0,22.0,2.0,10.0,18.96666666666665,23.05666666666666,437.7166666666666,0.95,22.325000000000003,12.540000000000006,12.08333333333333,1.3033333333333337,,,8.23625,9.90875,293.21375,0.4941666666666666,12.149791666666664,20.79375,5.917916666666667,0.6337499999999999,,,18.64,13.42,4.79,22.37,15.75,6.19,429.08,345.87,250.57,0.95,0.95,0.03,22.325000000000003,20.5,9.55,11.86,20.76,23.64,12.32,12.72,2.57,1.21,0.78,0.54,,,,,,,31.0,22.0,8.0,,,,,,,,,,,,,,
1761145200.0,2025-10-22 15:00:00,2025-10-22 20:30:00,26.08,34.08,,,552.94,0.95,22.325000000000003,7.94,8.63,2.37,43.46666666666667,34.08,43.0,Good,20.0,22.0,2.0,10.0,22.403333333333325,28.27999999999999,496.64,0.95,22.325000000000003,9.510000000000003,10.306666666666665,1.8266666666666669,,,9.094583333333334,11.032916666666669,305.3704166666667,0.5325,12.652499999999998,20.179583333333333,6.160416666666667,0.7079166666666667,,,22.49,15.77,5.48,28.39,18.41,7.1,507.9,376.17,261.18,0.95,0.95,0.03,22.325000000000003,22.325000000000003,10.26,8.73,17.03,22.68,9.97,13.96,2.81,1.9,0.8,0.59,,,,,,,37.0,26.0,9.0,,,,,,,,,,,,,,
1761148800.0,2025-10-22 16:00:00,2025-10-22 21:30:00,28.81,38.43,,,552.94,0.95,22.325000000000003,7.71,7.34,2.67,48.016666666666666,38.43,48.0,Good,21.0,22.0,2.0,10.0,25.79333333333333,33.633333333333326,537.9266666666667,0.95,22.325000000000003,8.126666666666672,8.646666666666665,2.313333333333333,,,10.04,12.31,317.2425,0.5708333333333333,13.130208333333334,19.598333333333333,6.329999999999999,0.7954166666666667,,,26.08,18.64,6.12,34.08,22.37,7.78,552.94,429.08,268.01,0.95,0.95,0.03,22.325000000000003,22.325000000000003,10.86,7.94,11.86,21.66,8.63,12.32,3.27,2.37,1.21,0.57,,,,,,,43.0,31.0,10.0,,,,,,,,,,,,,,
1761152400.0,2025-10-22 17:00:00,2025-10-22 22:30:00,31.22,41.99,,,552.94,0.95,21.78,7.66,6.39,2.86,51.37172413793103,41.99,51.0,Satisfactory,22.0,22.0,2.0,10.0,28.70333333333333,38.16666666666666,552.94,0.95,22.14333333333334,7.770000000000006,7.45333333333333,2.6333333333333333,,,11.0625,13.714166666666666,328.84583333333336,0.60875,13.563125,19.047916666666666,6.449583333333333,0.8916666666666666,,,28.81,22.49,6.68,38.43,28.39,8.29,552.94,507.9,274.46,0.95,0.95,0.04,22.325000000000003,22.325000000000003,11.39,7.71,8.73,20.87,7.34,9.97,3.52,2.67,1.9,0.55,,,,,,,48.0,37.0,11.0,,,,,,,,,,,,,,
1761156000.0,2025-10-22 18:00:00,2025-10-22 23:30:00,32.75,43.55,,,552.94,0.95,19.99,7.36,5.61,2.86,53.956896551724135,43.55,54.0,Satisfactory,23.0,22.0,2.0,10.0,30.926666666666662,41.32333333333332,552.94,0.95,21.36500000000001,7.576666666666671,6.4466666666666645,2.7966666666666664,,,12.131666666666668,15.173749999999998,340.27833333333336,0.6462499999999999,13.905208333333334,18.517083333333336,6.53375,0.9895833333333334,,,31.22,26.08,7.09,41.99,34.08,8.52,552.94,552.94,278.56,0.95,0.95,0.05,21.78,22.325000000000003,11.78,7.66,7.94,20.1,6.39,8.63,3.59,2.86,2.37,0.51,,,,,,,51.0,43.0,12.0,,,,,,,,,,,,,,
1761159600.0,2025-10-22 19:00:00,2025-10-23 00:30:00,32.84,42.27,,,552.94,0.95,18.38,6.56,4.64,2.47,54.10896551724139,42.27,54.0,Satisfactory,0.0,23.0,3.0,10.0,32.27,42.603333333333325,552.94,0.95,20.05,7.193333333333338,5.546666666666664,2.73,,,13.199166666666663,16.587500000000002,351.6641666666667,0.6833333333333332,14.180625,17.992916666666666,6.57875,1.0733333333333337,,,32.75,28.81,7.22,43.55,38.43,8.34,552.94,552.94,279.68,0.95,0.95,0.06,19.99,22.325000000000003,11.77,7.36,7.71,19.14,5.61,7.34,3.56,2.86,2.67,0.46,,,,,,,54.0,48.0,12.0,,,,,,,,,,,,,,
1761163200.0,2025-10-22 20:00:00,2025-10-23 01:30:00,32.55,40.58,,,552.94,0.95,16.8,5.71,3.72,1.96,53.61896551724138,40.58,54.0,Satisfactory,1.0,23.0,3.0,10.0,32.71333333333333,42.133333333333326,552.94,0.95,18.390000000000004,6.543333333333337,4.656666666666664,2.43,,,14.264166666666666,17.948333333333334,363.0741666666667,0.7200000000000001,14.410208333333337,17.46375,6.590833333333333,1.1366666666666665,,,32.84,31.22,6.99,42.27,41.99,7.92,552.94,552.94,279.1,0.95,0.95,0.07,18.38,21.78,11.29,6.56,7.66,18.41,4.64,6.39,3.43,2.47,2.86,0.44,,,,,,,54.0,51.0,12.0,,,,,,,,,,,,,,
1761166800.0,2025-10-22 21:00:00,2025-10-23 02:30:00,31.93,38.37,,,552.94,0.95,15.69,5.11,3.09,1.62,52.57137931034482,38.37,53.0,Satisfactory,2.0,23.0,3.0,10.0,32.44,40.40666666666666,552.94,0.95,16.956666666666667,5.793333333333339,3.816666666666664,2.0166666666666666,,,15.325,19.24458333333333,374.6354166666667,0.75625,14.629791666666668,16.92125,6.5875,1.18625,,,32.55,32.75,6.47,40.58,43.55,7.26,552.94,552.94,275.47,0.95,0.95,0.08,16.8,19.99,10.42,5.71,7.36,18.13,3.72,5.61,3.17,1.96,2.86,0.43,,,,,,,54.0,54.0,11.0,,,,,,,,,,,,,,
1761170400.0,2025-10-22 22:00:00,2025-10-23 03:30:00,30.6,35.92,,,552.94,0.95,15.34,4.19,2.51,1.48,53.14586206896552,35.92,36.0,Good,3.0,23.0,3.0,10.0,31.693333333333328,38.28999999999999,552.94,0.95,15.943333333333335,5.003333333333338,3.106666666666664,1.6866666666666668,,,16.35291666666667,20.464583333333334,386.4066666666667,0.7916666666666666,14.870208333333332,16.358333333333334,6.5683333333333325,1.23,,,31.93,32.84,5.93,38.37,42.27,6.64,552.94,552.94,270.43,0.95,0.95,0.1,15.69,18.38,9.57,5.11,6.56,17.7,3.09,4.64,2.97,1.62,2.47,0.43,,,,,,,53.0,54.0,10.0,,,,,,,,,,,,,,
1761174000.0,2025-10-22 23:00:00,2025-10-23 04:30:00,30.17,34.91,,,552.94,0.95,13.93,2.9,1.93,1.61,53.14586206896552,34.91,35.0,Good,4.0,23.0,3.0,10.0,30.899999999999995,36.4,552.94,0.95,14.98666666666667,4.066666666666671,2.5099999999999976,1.57,,,17.38208333333333,21.663333333333338,398.4375,0.8270833333333333,15.083125,15.7575,6.52625,1.27875,,,30.6,32.55,5.47,35.92,40.58,6.14,552.94,552.94,264.2,0.95,0.95,0.1,15.34,16.8,8.82,4.19,5.71,17.32,2.51,3.72,2.94,1.48,1.96,0.44,,,,,,,36.0,54.0,9.0,,,,,,,,,,,,,,
1761177600.0,2025-10-23 00:00:00,2025-10-23 05:30:00,30.08,34.42,,,552.94,0.95,12.75,1.74,1.63,1.77,53.14586206896552,34.42,34.0,Good,5.0,23.0,3.0,10.0,30.28333333333333,35.08333333333332,552.94,0.95,14.00666666666667,2.9433333333333382,2.0233333333333308,1.62,,,18.422083333333333,22.85666666666667,410.7275,0.8620833333333332,15.270208333333334,15.123333333333331,6.467083333333334,1.33375,,,30.17,31.93,5.12,34.91,38.37,5.78,552.94,552.94,257.98,0.95,0.95,0.11,13.93,15.69,8.26,2.9,5.11,16.96,1.93,3.09,3.05,1.61,1.62,0.45,,,,,,,35.0,53.0,9.0,,,,,,,,,,,,,,
1761181200.0,2025-10-23 01:00:00,2025-10-23 06:30:00,30.07,34.34,,,552.94,0.95,12.03,0.95,1.78,1.9,53.14586206896552,34.34,34.0,Good,6.0,23.0,3.0,10.0,30.106666666666666,34.556666666666665,552.94,0.95,12.903333333333336,1.863333333333338,1.7799999999999976,1.76,,,19.47125,24.051666666666662,423.2583333333334,0.8966666666666665,15.441458333333337,14.45375,6.4070833333333335,1.393333333333333,,,30.08,30.6,4.89,34.42,35.92,5.66,552.94,552.94,252.2,0.95,0.95,0.12,12.75,15.34,7.92,1.74,4.19,17.02,1.63,2.51,3.22,1.77,1.48,0.47,,,,,,,34.0,36.0,8.0,,,,,,,,,,,,,,
1761184800.0,2025-10-23 02:00:00,2025-10-23 07:30:00,30.88,36.48,,,552.94,0.95,11.68,1.08,2.4,2.24,53.14586206896552,36.48,36.0,Good,7.0,23.0,3.0,10.0,30.34333333333333,35.07999999999999,552.94,0.95,12.153333333333336,1.2566666666666717,1.9366666666666643,1.97,,,20.550833333333333,25.31625,435.69458333333336,0.92625,15.587708333333332,13.784583333333332,6.358333333333333,1.4620833333333332,,,30.07,30.17,4.97,34.34,34.91,6.13,552.94,552.94,254.47,0.95,0.95,0.24,12.03,13.93,8.17,0.95,2.9,17.14,1.78,1.93,3.57,1.9,1.61,0.59,,,,,,,34.0,35.0,8.0,,,,,,,,,,,,,,
1761188400.0,2025-10-23 03:00:00,2025-10-23 08:30:00,32.27,39.46,,,552.94,0.95,12.02,2.3,3.1,2.56,53.14586206896552,39.46,53.0,Satisfactory,8.0,23.0,3.0,10.0,31.073333333333327,36.75999999999999,552.94,0.95,11.910000000000002,1.443333333333338,2.4266666666666645,2.233333333333334,,,21.680833333333336,26.68375,447.8708333333334,0.9429166666666666,15.724375,13.139583333333334,6.3175,1.5404166666666663,,,30.88,30.08,5.15,36.48,34.42,6.64,552.94,552.94,260.71,0.95,0.95,0.55,11.68,12.75,8.74,1.08,1.74,17.78,2.4,1.63,4.08,2.24,1.77,0.68,,,,,,,36.0,34.0,9.0,,,,,,,,,,,,,,
1761192000.0,2025-10-23 04:00:00,2025-10-23 09:30:00,33.81,40.29,,,552.94,0.95,19.22,6.05,9.05,1.45,55.74793103448276,40.29,56.0,Satisfactory,9.0,23.0,3.0,10.0,32.31999999999999,38.743333333333325,552.94,0.95,14.30666666666667,3.143333333333338,4.849999999999998,2.083333333333333,,,22.886666666666667,28.100416666666664,460.4200000000001,0.95,16.178541666666664,12.464166666666666,6.520833333333333,1.57625,,,32.27,30.07,4.87,39.46,34.34,6.29,552.94,552.94,251.76,0.95,0.95,0.78,12.02,12.03,8.32,2.3,0.95,22.26,3.1,1.78,4.17,2.56,1.9,0.59,,,,,,,53.0,34.0,8.0,,,,,,,,,,,,,,
1761195600.0,2025-10-23 05:00:00,2025-10-23 10:30:00,35.68,41.49,,,552.94,0.95,22.325000000000003,9.77,12.23,0.67,58.90758620689655,41.49,59.0,Satisfactory,10.0,23.0,3.0,10.0,33.919999999999995,40.41333333333333,552.94,0.95,17.855000000000004,6.040000000000004,8.126666666666665,1.5599999999999998,,,24.15833333333333,29.55375,472.9529166666666,0.95,16.758333333333336,11.806666666666668,6.84625,1.5804166666666666,,,33.81,30.88,5.16,40.29,36.48,6.61,552.94,552.94,252.15,0.95,0.95,0.95,19.22,11.68,8.41,6.05,1.08,25.55,9.05,2.4,4.42,1.45,2.24,0.57,,,,,,,56.0,36.0,9.0,,,,,,,,,,,,,,
1761199200.0,2025-10-23 06:00:00,2025-10-23 11:30:00,37.56,42.35,,,501.52,0.95,22.325000000000003,13.73,14.65,0.14,62.08413793103449,42.35,62.0,Satisfactory,11.0,23.0,3.0,10.0,35.68333333333333,41.37666666666666,535.8000000000001,0.95,21.290000000000006,9.850000000000003,11.976666666666665,0.7533333333333333,,,25.48125,31.015833333333333,483.0808333333334,0.95,17.325208333333332,11.190416666666666,7.256666666666667,1.5633333333333337,,,35.68,32.27,5.81,41.49,39.46,7.26,552.94,552.94,258.45,0.95,0.95,0.95,22.325000000000003,12.02,8.72,9.77,2.3,28.52,12.23,3.1,4.8,0.67,2.56,0.55,,,,,,,59.0,53.0,10.0,,,,,,,,,,,,,,
1761202800.0,2025-10-23 07:00:00,2025-10-23 12:30:00,36.53,39.63,,,402.64,0.95,22.325000000000003,24.46,16.025000000000002,0.0,60.34379310344828,39.63,60.0,Satisfactory,12.0,23.0,3.0,10.0,36.59,41.15666666666666,485.7,0.95,22.325000000000003,15.986666666666672,14.301666666666668,0.27,,,26.73333333333333,32.33708333333333,488.9129166666667,0.95,17.881666666666668,10.874166666666667,7.656458333333334,1.5433333333333332,,,37.56,33.81,6.48,42.35,40.29,7.92,501.52,552.94,262.67,0.95,0.95,0.95,22.325000000000003,19.22,8.97,13.73,6.05,32.05,14.65,9.05,6.43,0.14,1.45,0.48,,,,,,,62.0,56.0,11.0,,,,,,,,,,,,,,
1761206400.0,2025-10-23 08:00:00,2025-10-23 13:30:00,32.74,35.35,,,383.6,0.8,22.325000000000003,26.49,16.025000000000002,0.02,53.940000000000005,35.35,54.0,Satisfactory,13.0,23.0,3.0,10.0,35.60999999999999,39.10999999999999,429.2533333333333,0.9,22.325000000000003,21.56,15.566666666666665,0.0533333333333333,,,27.785416666666663,33.43375,493.5291666666667,0.94375,18.378958333333333,10.634583333333332,7.977916666666668,1.522916666666667,,,36.53,35.68,7.49,39.63,41.49,9.03,402.64,552.94,272.81,0.95,0.95,0.95,22.325000000000003,22.325000000000003,10.39,24.46,9.77,32.24,16.025000000000002,12.23,8.31,0.0,0.67,0.51,,,,,,,60.0,59.0,12.0,,,,,,,,,,,,,,
1761210000.0,2025-10-23 09:00:00,2025-10-23 14:30:00,30.45,32.81,,,381.37,0.48,22.325000000000003,26.49,16.025000000000002,0.06,49.06666666666667,32.81,33.0,Good,14.0,23.0,3.0,10.0,33.23999999999999,35.93,389.2033333333333,0.7433333333333335,22.325000000000003,25.813333333333336,16.025000000000002,0.0266666666666666,,,28.68166666666667,34.358333333333334,497.3850000000001,0.9241666666666664,18.76125,10.492083333333332,8.221041666666666,1.5024999999999995,,,32.74,37.56,8.94,35.35,42.35,10.62,383.6,501.52,288.83,0.8,0.95,0.95,22.325000000000003,22.325000000000003,13.15,26.49,13.73,29.91,16.025000000000002,14.65,10.19,0.02,0.14,0.55,,,,,,,54.0,62.0,15.0,,,,,,,,,,,,,,
1761213600.0,2025-10-23 10:00:00,2025-10-23 15:30:00,29.44,31.76,,,391.41,0.38,22.325000000000003,25.21,16.025000000000002,0.12,49.06666666666667,31.76,49.0,Good,15.0,23.0,3.0,10.0,30.87666666666666,33.306666666666665,385.46,0.5533333333333336,22.325000000000003,26.063333333333336,16.025000000000002,0.0666666666666666,,,29.449166666666667,35.14166666666667,500.56916666666666,0.9004166666666666,18.986875,10.49125,8.407083333333334,1.4800000000000002,,,30.45,36.53,11.02,32.81,39.63,12.96,381.37,402.64,314.99,0.48,0.95,0.95,22.325000000000003,22.325000000000003,16.91,26.49,24.46,25.23,16.025000000000002,16.025000000000002,11.56,0.06,0.0,0.66,,,,,,,33.0,60.0,18.0,,,,,,,,,,,,,,
1761217200.0,2025-10-23 11:00:00,2025-10-23 16:30:00,29.05,31.56,,,410.18,0.42,22.325000000000003,22.42,16.025000000000002,0.27,48.41666666666667,31.56,48.0,Good,16.0,23.0,3.0,10.0,29.64666666666666,32.04333333333333,394.32,0.4266666666666668,22.325000000000003,24.70666666666668,16.025000000000002,0.15,,,30.10041666666667,35.80041666666667,503.24875,0.8783333333333333,19.06291666666667,10.560416666666669,8.544791666666667,1.45875,,,29.44,32.74,13.42,31.76,35.35,15.75,391.41,383.6,345.87,0.38,0.8,0.95,22.325000000000003,22.325000000000003,20.5,25.21,26.49,20.76,16.025000000000002,16.025000000000002,12.72,0.12,0.02,0.78,,,,,,,49.0,54.0,22.0,,,,,,,,,,,,,,
1761220800.0,2025-10-23 12:00:00,2025-10-23 17:30:00,28.32,31.06,,,430.42,0.61,22.325000000000003,19.03,16.0,0.5,47.2,31.06,47.0,Good,17.0,23.0,3.0,10.0,28.936666666666657,31.46,410.67,0.4700000000000001,22.325000000000003,22.22000000000001,16.016666666666666,0.2966666666666667,,,30.62333333333333,36.3275,505.5091666666667,0.8641666666666666,19.062916666666663,10.64375,8.629791666666668,1.44625,,,29.05,30.45,15.77,31.56,32.81,18.41,410.18,381.37,376.17,0.42,0.48,0.95,22.325000000000003,22.325000000000003,22.325000000000003,22.42,26.49,17.03,16.025000000000002,16.025000000000002,13.96,0.27,0.06,0.8,,,,,,,48.0,33.0,26.0,,,,,,,,,,,,,,
1761224400.0,2025-10-23 13:00:00,2025-10-23 18:30:00,28.02,31.42,,,453.3,0.95,22.325000000000003,15.35,14.04,0.88,46.7,31.42,47.0,Good,18.0,23.0,3.0,10.0,28.463333333333328,31.34666666666666,431.3,0.66,22.325000000000003,18.93333333333334,15.355,0.55,,,31.014166666666664,36.70458333333333,506.5183333333334,0.8641666666666666,19.06291666666667,10.789166666666668,8.701458333333335,1.4325,,,28.32,29.44,18.64,31.06,31.76,22.37,430.42,391.41,429.08,0.61,0.38,0.95,22.325000000000003,22.325000000000003,22.325000000000003,19.03,25.21,11.86,16.0,16.025000000000002,12.32,0.5,0.12,1.21,,,,,,,47.0,49.0,31.0,,,,,,,,,,,,,,
1761228000.0,2025-10-23 14:00:00,2025-10-23 19:30:00,28.78,33.31,,,484.77,0.95,22.325000000000003,11.47,12.19,1.22,47.96666666666667,33.31,48.0,Good,19.0,23.0,3.0,10.0,28.373333333333324,31.93,456.1633333333333,0.8366666666666668,22.325000000000003,15.28333333333334,14.076666666666664,0.8666666666666667,,,31.27625,36.90958333333333,505.55458333333337,0.8641666666666667,19.06291666666667,10.903333333333334,8.793958333333334,1.4041666666666668,,,28.02,29.05,22.49,31.42,31.56,28.39,453.3,410.18,507.9,0.95,0.42,0.95,22.325000000000003,22.325000000000003,22.325000000000003,15.35,22.42,8.73,14.04,16.025000000000002,9.97,0.88,0.27,1.9,,,,,,,47.0,48.0,37.0,,,,,,,,,,,,,,
1761231600.0,2025-10-23 15:00:00,2025-10-23 20:30:00,29.78,35.37,,,513.21,0.95,22.325000000000003,7.97,11.34,1.36,49.63333333333334,35.37,50.0,Good,20.0,23.0,3.0,10.0,28.86,33.36666666666666,483.75999999999993,0.95,22.325000000000003,11.596666666666671,12.523333333333332,1.153333333333333,,,31.43041666666667,36.96333333333333,503.8991666666668,0.8641666666666666,19.06291666666667,10.904583333333331,8.906875,1.362083333333333,,,28.78,28.32,26.08,33.31,31.06,34.08,484.77,430.42,552.94,0.95,0.61,0.95,22.325000000000003,22.325000000000003,22.325000000000003,11.47,19.03,7.94,12.19,16.0,8.63,1.22,0.5,2.37,,,,,,,48.0,47.0,43.0,,,,,,,,,,,,,,
1761235200.0,2025-10-23 16:00:00,2025-10-23 21:30:00,31.0,37.39,,,532.53,0.95,22.325000000000003,5.22,10.21,1.38,51.0,37.39,51.0,Satisfactory,21.0,23.0,3.0,10.0,29.853333333333325,35.35666666666666,510.1699999999999,0.95,22.325000000000003,8.220000000000004,11.246666666666664,1.32,,,31.521666666666665,36.92,503.04875,0.8641666666666666,19.062916666666663,10.800833333333337,9.026458333333334,1.3083333333333331,,,29.78,28.02,28.81,35.37,31.42,38.43,513.21,453.3,552.94,0.95,0.95,0.95,22.325000000000003,22.325000000000003,22.325000000000003,7.97,15.35,7.71,11.34,14.04,7.34,1.36,0.88,2.67,,,,,,,50.0,47.0,48.0,,,,,,,,,,,,,,
1761238800.0,2025-10-23 17:00:00,2025-10-23 22:30:00,33.09,40.2,,,552.94,0.95,22.325000000000003,3.25,8.9,1.42,54.53137931034483,40.2,55.0,Satisfactory,22.0,23.0,3.0,10.0,31.289999999999992,37.65333333333333,532.8933333333333,0.95,22.325000000000003,5.480000000000004,10.15,1.3866666666666667,,,31.59958333333334,36.845416666666665,503.04875,0.8641666666666666,19.085625000000004,10.617083333333332,9.131041666666668,1.2483333333333333,,,31.0,28.78,31.22,37.39,33.31,41.99,532.53,484.77,552.94,0.95,0.95,0.95,22.325000000000003,22.325000000000003,21.78,5.22,11.47,7.66,10.21,12.19,6.39,1.38,1.22,2.86,,,,,,,51.0,48.0,51.0,,,,,,,,,,,,,,
1761242400.0,2025-10-23 18:00:00,2025-10-23 23:30:00,35.15,42.22,,,552.94,0.95,22.325000000000003,1.95,7.54,1.35,58.01206896551724,42.22,58.0,Satisfactory,23.0,23.0,3.0,10.0,33.07999999999999,39.93666666666666,546.1366666666667,0.95,22.325000000000003,3.473333333333338,8.883333333333331,1.383333333333333,,,31.699583333333337,36.79,503.0487500000001,0.8641666666666666,19.182916666666667,10.391666666666667,9.211458333333336,1.1854166666666668,,,33.09,29.78,32.75,40.2,35.37,43.55,552.94,513.21,552.94,0.95,0.95,0.95,22.325000000000003,22.325000000000003,19.99,3.25,7.97,7.36,8.9,11.34,5.61,1.42,1.36,2.86,,,,,,,55.0,50.0,54.0,,,,,,,,,,,,,,
1761246000.0,2025-10-23 19:00:00,2025-10-24 00:30:00,36.56,42.68,,,552.94,0.95,22.325000000000003,1.11,5.69,1.28,60.3944827586207,42.68,60.0,Satisfactory,0.0,24.0,4.0,10.0,34.93333333333333,41.7,552.94,0.95,22.325000000000003,2.1033333333333384,7.376666666666664,1.35,,,31.85458333333333,36.80708333333333,503.04875,0.8641666666666667,19.347291666666667,10.164583333333333,9.255208333333334,1.1358333333333333,,,35.15,31.0,32.84,42.22,37.39,42.27,552.94,532.53,552.94,0.95,0.95,0.95,22.325000000000003,22.325000000000003,18.38,1.95,5.22,6.56,7.54,10.21,4.64,1.35,1.38,2.47,,,,,,,58.0,51.0,54.0,,,,,,,,,,,,,,
1761249600.0,2025-10-23 20:00:00,2025-10-24 01:30:00,37.7,43.27,,,552.94,0.95,21.06,0.66,4.15,1.4,62.320689655172416,43.27,62.0,Satisfactory,1.0,24.0,4.0,10.0,36.46999999999999,42.72333333333332,552.94,0.95,21.90333333333334,1.2400000000000049,5.793333333333332,1.343333333333333,,,32.06916666666667,36.91916666666667,503.04875,0.8641666666666666,19.52479166666667,9.954166666666666,9.273125,1.1125,,,36.56,33.09,32.55,42.68,40.2,40.58,552.94,552.94,552.94,0.95,0.95,0.95,22.325000000000003,22.325000000000003,16.8,1.11,3.25,5.71,5.69,8.9,3.72,1.28,1.42,1.96,,,,,,,60.0,55.0,54.0,,,,,,,,,,,,,,
1761253200.0,2025-10-23 21:00:00,2025-10-24 02:30:00,38.78,44.12,,,552.94,0.95,18.88,0.48,3.39,1.6,64.14551724137931,44.12,64.0,Satisfactory,2.0,24.0,4.0,10.0,37.68,43.356666666666655,552.94,0.95,20.75500000000001,0.7500000000000048,4.409999999999998,1.4266666666666667,,,32.35458333333333,37.15875,503.04875,0.8641666666666666,19.657708333333336,9.76125,9.285625,1.1116666666666666,,,37.7,35.15,31.93,43.27,42.22,38.37,552.94,552.94,552.94,0.95,0.95,0.95,21.06,22.325000000000003,15.69,0.66,1.95,5.11,4.15,7.54,3.09,1.4,1.35,1.62,,,,,,,62.0,58.0,53.0,,,,,,,,,,,,,,
1761256800.0,2025-10-23 22:00:00,2025-10-24 03:30:00,39.82,44.92,,,552.94,0.95,17.28,0.32,3.09,1.88,65.90275862068965,44.92,66.0,Satisfactory,3.0,24.0,4.0,10.0,38.76666666666666,44.103333333333325,552.94,0.95,19.073333333333338,0.4866666666666714,3.5433333333333312,1.6266666666666667,,,32.73875,37.533750000000005,503.0487500000001,0.8641666666666666,19.73854166666667,9.6,9.309791666666667,1.1283333333333334,,,38.78,36.56,30.6,44.12,42.68,35.92,552.94,552.94,552.94,0.95,0.95,0.95,18.88,22.325000000000003,15.34,0.48,1.11,4.19,3.39,5.69,2.51,1.6,1.28,1.48,,,,,,,64.0,60.0,36.0,,,,,,,,,,,,,,
1761260400.0,2025-10-23 23:00:00,2025-10-24 04:30:00,40.74,45.49,,,552.94,0.95,15.59,0.13,2.74,2.14,67.45724137931035,45.49,67.0,Satisfactory,4.0,24.0,4.0,10.0,39.78,44.84333333333333,552.94,0.95,17.250000000000004,0.3100000000000047,3.073333333333331,1.8733333333333333,,,33.17916666666667,37.974583333333335,503.04875,0.8641666666666666,19.80770833333333,9.484583333333331,9.343541666666669,1.1504166666666666,,,39.82,37.7,30.17,44.92,43.27,34.91,552.94,552.94,552.94,0.95,0.95,0.95,17.28,21.06,13.93,0.32,0.66,2.9,3.09,4.15,1.93,1.88,1.4,1.61,,,,,,,66.0,62.0,35.0,,,,,,,,,,,,,,
1761264000.0,2025-10-24 00:00:00,2025-10-24 05:30:00,41.57,46.09,,,552.94,0.95,14.03,0.04,2.48,2.39,68.8596551724138,46.09,69.0,Satisfactory,5.0,24.0,4.0,10.0,40.70999999999999,45.5,552.94,0.95,15.633333333333338,0.163333333333338,2.7699999999999974,2.1366666666666667,,,33.657916666666665,38.46083333333333,503.04875,0.8641666666666667,19.86104166666667,9.41375,9.378958333333337,1.17625,,,40.74,38.78,30.08,45.49,44.12,34.42,552.94,552.94,552.94,0.95,0.95,0.95,15.59,18.88,12.75,0.13,0.48,1.74,2.74,3.39,1.63,2.14,1.6,1.77,,,,,,,67.0,64.0,34.0,,,,,,,,,,,,,,
1761267600.0,2025-10-24 01:00:00,2025-10-24 06:30:00,42.5,47.36,,,552.94,0.95,12.88,0.02,2.74,2.54,70.43103448275862,47.36,70.0,Satisfactory,6.0,24.0,4.0,10.0,41.603333333333325,46.31333333333333,552.94,0.95,14.166666666666671,0.063333333333338,2.653333333333331,2.356666666666667,,,34.17583333333334,39.00333333333333,503.04875,0.8641666666666666,19.89645833333333,9.375,9.418958333333334,1.2029166666666666,,,41.57,39.82,30.07,46.09,44.92,34.34,552.94,552.94,552.94,0.95,0.95,0.95,14.03,17.28,12.03,0.04,0.32,0.95,2.48,3.09,1.78,2.39,1.88,1.9,,,,,,,69.0,66.0,34.0,,,,,,,,,,,,,,
1761271200.0,2025-10-24 02:00:00,2025-10-24 07:30:00,43.97,50.61,,,552.94,0.95,11.77,0.54,3.42,2.72,72.9148275862069,53.46,73.0,Satisfactory,7.0,24.0,4.0,10.0,42.67999999999999,48.01999999999999,552.94,0.95,12.893333333333336,0.2000000000000047,2.8799999999999977,2.5500000000000003,,,34.721250000000005,39.592083333333335,503.0487500000001,0.8641666666666666,19.90020833333333,9.3525,9.461458333333336,1.2229166666666669,,,42.5,40.74,30.88,47.36,45.49,36.48,552.94,552.94,552.94,0.95,0.95,0.95,12.88,15.59,11.68,0.02,0.13,1.08,2.74,2.74,2.4,2.54,2.14,2.24,,,,,,,70.0,67.0,36.0,,,,,,,,,,,,,,
1761274800.0,2025-10-24 03:00:00,2025-10-24 08:30:00,45.21,53.46,,,552.94,0.95,10.96,1.84,4.03,2.81,75.01,53.46,75.0,Satisfactory,8.0,24.0,4.0,10.0,43.89333333333333,50.47666666666666,552.94,0.95,11.870000000000005,0.8000000000000048,3.3966666666666647,2.69,,,35.260416666666664,40.17541666666667,503.04875,0.8641666666666666,19.856041666666663,9.333333333333334,9.500208333333337,1.2333333333333332,,,43.97,41.57,32.27,50.61,46.09,39.46,552.94,552.94,552.94,0.95,0.95,0.95,11.77,14.03,12.02,0.54,0.04,2.3,3.42,2.48,3.1,2.72,2.39,2.56,,,,,,,73.0,69.0,53.0,,,,,,,,,,,,,,
1761278400.0,2025-10-24 04:00:00,2025-10-24 09:30:00,41.44,46.88,,,552.94,0.95,19.05,3.48,8.96,0.9,68.64,46.88,69.0,Satisfactory,9.0,24.0,4.0,10.0,43.53999999999999,50.31666666666666,552.94,0.95,13.926666666666671,1.9533333333333376,5.469999999999999,2.143333333333333,,,35.57833333333333,40.45,503.04875,0.8641666666666666,19.848958333333336,9.22625,9.496458333333331,1.2104166666666667,,,45.21,42.5,33.81,53.46,47.36,40.29,552.94,552.94,552.94,0.95,0.95,0.95,10.96,12.88,19.22,1.84,0.02,6.05,4.03,2.74,9.05,2.81,2.54,1.45,,,,,,,75.0,70.0,56.0,,,,,,,,,,,,,,
1761282000.0,2025-10-24 05:00:00,2025-10-24 10:30:00,38.94,43.62,,,552.94,0.95,22.15,4.13,10.27,0.64,64.41586206896551,43.62,64.0,Satisfactory,10.0,24.0,4.0,10.0,41.86333333333332,47.98666666666666,552.94,0.95,17.38666666666667,3.1500000000000044,7.753333333333331,1.45,,,35.714166666666664,40.53875,503.04875,0.8641666666666666,19.84166666666667,8.99125,9.414791666666668,1.2091666666666667,,,41.44,43.97,35.68,46.88,50.61,41.49,552.94,552.94,552.94,0.95,0.95,0.95,19.05,11.77,22.325000000000003,3.48,0.54,9.77,8.96,3.42,12.23,0.9,2.72,0.67,,,,,,,69.0,73.0,59.0,,,,,,,,,,,,,,
1761285600.0,2025-10-24 06:00:00,2025-10-24 11:30:00,37.39,41.49,,,552.94,0.95,22.325000000000003,4.51,11.06,0.51,61.79689655172414,41.49,62.0,Satisfactory,11.0,24.0,4.0,10.0,39.25666666666665,43.99666666666666,552.94,0.95,21.175000000000004,4.040000000000005,10.096666666666664,0.6833333333333332,,,35.70708333333334,40.50291666666667,505.1912500000001,0.8641666666666667,19.84166666666667,8.607083333333334,9.265208333333334,1.2245833333333334,,,38.94,45.21,37.56,43.62,53.46,42.35,552.94,552.94,501.52,0.95,0.95,0.95,22.15,10.96,22.325000000000003,4.13,1.84,13.73,10.27,4.03,14.65,0.64,2.81,0.14,,,,,,,64.0,75.0,62.0,,,,,,,,,,,,,,
1761289200.0,2025-10-24 07:00:00,2025-10-24 12:30:00,34.32,37.66,,,508.42,0.95,22.325000000000003,7.72,12.19,0.33,56.6096551724138,37.66,57.0,Satisfactory,12.0,24.0,4.0,10.0,36.883333333333326,40.923333333333325,538.1,0.95,22.26666666666667,5.453333333333338,11.173333333333332,0.4933333333333334,,,35.615,40.42083333333333,509.59875000000005,0.8641666666666666,19.84166666666667,7.909583333333333,9.105416666666668,1.2383333333333335,,,37.39,41.44,36.53,41.49,46.88,39.63,552.94,552.94,402.64,0.95,0.95,0.95,22.325000000000003,19.05,22.325000000000003,4.51,3.48,24.46,11.06,8.96,16.025000000000002,0.51,0.9,0.0,,,,,,,62.0,69.0,60.0,,,,,,,,,,,,,,
1761292800.0,2025-10-24 08:00:00,2025-10-24 13:30:00,33.09,36.48,,,502.16,0.95,22.325000000000003,9.49,12.63,0.58,54.53137931034483,36.48,55.0,Satisfactory,13.0,24.0,4.0,10.0,34.93333333333333,38.54333333333332,521.1733333333333,0.95,22.325000000000003,7.240000000000005,11.96,0.4733333333333333,,,35.629583333333336,40.46791666666667,514.53875,0.8704166666666667,19.84166666666667,7.201250000000001,8.963958333333332,1.2616666666666667,,,34.32,38.94,32.74,37.66,43.62,35.35,508.42,552.94,383.6,0.95,0.95,0.8,22.325000000000003,22.15,22.325000000000003,7.72,4.13,26.49,12.19,10.27,16.025000000000002,0.33,0.64,0.02,,,,,,,57.0,64.0,54.0,,,,,,,,,,,,,,
1761296400.0,2025-10-24 09:00:00,2025-10-24 14:30:00,33.33,36.9,,,516.48,0.95,22.325000000000003,10.8,13.05,0.89,54.93689655172413,36.9,55.0,Satisfactory,14.0,24.0,4.0,10.0,33.57999999999999,37.01333333333332,509.02,0.95,22.325000000000003,9.336666666666671,12.62333333333333,0.6,,,35.749583333333334,40.63833333333333,520.1683333333334,0.89,19.84166666666667,6.547499999999999,8.840000000000002,1.29625,,,33.09,37.39,30.45,36.48,41.49,32.81,502.16,552.94,381.37,0.95,0.95,0.48,22.325000000000003,22.325000000000003,22.325000000000003,9.49,4.51,26.49,12.63,11.06,16.025000000000002,0.58,0.51,0.06,,,,,,,55.0,62.0,33.0,,,,,,,,,,,,,,
1761300000.0,2025-10-24 10:00:00,2025-10-24 15:30:00,34.79,38.68,,,540.9,0.95,22.325000000000003,13.95,12.78,1.32,57.40379310344827,38.68,57.0,Satisfactory,15.0,24.0,4.0,10.0,33.73666666666666,37.353333333333325,519.8466666666667,0.95,22.325000000000003,11.41333333333334,12.82,0.93,,,35.972500000000004,40.92666666666667,526.3970833333334,0.9137499999999998,19.84166666666667,6.078333333333333,8.704791666666667,1.3462500000000002,,,33.33,34.32,29.44,36.9,37.66,31.76,516.48,508.42,391.41,0.95,0.95,0.38,22.325000000000003,22.325000000000003,22.325000000000003,10.8,7.72,25.21,13.05,12.19,16.025000000000002,0.89,0.33,0.12,,,,,,,55.0,57.0,49.0,,,,,,,,,,,,,,
1761303600.0,2025-10-24 11:00:00,2025-10-24 16:30:00,36.61,40.99,,,552.94,0.95,22.325000000000003,10.69,12.41,1.72,60.47896551724138,40.99,60.0,Satisfactory,16.0,24.0,4.0,10.0,34.90999999999999,38.85666666666666,536.7733333333334,0.95,22.325000000000003,11.813333333333338,12.746666666666664,1.3099999999999998,,,36.2875,41.31958333333333,532.3454166666667,0.9358333333333334,19.84166666666667,5.589583333333334,8.554166666666667,1.4066666666666665,,,34.79,33.09,29.05,38.68,36.48,31.56,540.9,502.16,410.18,0.95,0.95,0.42,22.325000000000003,22.325000000000003,22.325000000000003,13.95,9.49,22.42,12.78,12.63,16.025000000000002,1.32,0.58,0.27,,,,,,,57.0,55.0,48.0,,,,,,,,,,,,,,
1761307200.0,2025-10-24 12:00:00,2025-10-24 17:30:00,38.17,43.0,,,552.94,0.95,22.325000000000003,6.67,12.45,2.02,63.1148275862069,43.0,63.0,Satisfactory,17.0,24.0,4.0,10.0,36.523333333333326,40.88999999999999,548.9266666666667,0.95,22.325000000000003,10.436666666666673,12.546666666666663,1.6866666666666668,,,36.69791666666666,41.817083333333336,537.4504166666667,0.95,19.84166666666667,5.074583333333334,8.40625,1.47,,,36.61,33.33,28.32,40.99,36.9,31.06,552.94,516.48,430.42,0.95,0.95,0.61,22.325000000000003,22.325000000000003,22.325000000000003,10.69,10.8,19.03,12.41,13.05,16.0,1.72,0.89,0.5,,,,,,,60.0,55.0,47.0,,,,,,,,,,,,,,
1761310800.0,2025-10-24 13:00:00,2025-10-24 18:30:00,40.43,45.97,,,552.94,0.95,22.325000000000003,2.83,11.61,2.23,66.93344827586208,45.97,67.0,Satisfactory,18.0,24.0,4.0,10.0,38.40333333333333,43.31999999999999,552.94,0.95,22.325000000000003,6.730000000000004,12.156666666666665,1.99,,,37.215,42.42333333333333,541.6020833333333,0.95,19.84166666666667,4.5529166666666665,8.305,1.52625,,,38.17,34.79,28.02,43.0,38.68,31.42,552.94,540.9,453.3,0.95,0.95,0.95,22.325000000000003,22.325000000000003,22.325000000000003,6.67,13.95,15.35,12.45,12.78,14.04,2.02,1.32,0.88,,,,,,,63.0,57.0,47.0,,,,,,,,,,,,,,
1761314400.0,2025-10-24 14:00:00,2025-10-24 19:30:00,43.15,49.9,,,552.94,0.95,22.325000000000003,1.46,10.56,2.54,71.52931034482759,49.9,72.0,Satisfactory,19.0,24.0,4.0,10.0,40.58333333333333,46.28999999999999,552.94,0.95,22.325000000000003,3.653333333333338,11.539999999999996,2.2633333333333336,,,37.81375,43.114583333333336,544.4425,0.95,19.84166666666667,4.135833333333333,8.237083333333333,1.5812499999999998,,,40.43,36.61,28.78,45.97,40.99,33.31,552.94,552.94,484.77,0.95,0.95,0.95,22.325000000000003,22.325000000000003,22.325000000000003,2.83,10.69,11.47,11.61,12.41,12.19,2.23,1.72,1.22,,,,,,,67.0,60.0,48.0,,,,,,,,,,,,,,
1761318000.0,2025-10-24 15:00:00,2025-10-24 20:30:00,45.2,52.84,,,552.94,0.95,22.325000000000003,2.23,10.0,2.79,74.99310344827586,52.84,75.0,Satisfactory,20.0,24.0,4.0,10.0,42.926666666666655,49.56999999999999,552.94,0.95,22.325000000000003,2.173333333333338,10.723333333333333,2.52,,,38.45625,43.8425,546.0979166666667,0.95,19.84166666666667,3.8966666666666665,8.18125,1.6408333333333331,,,43.15,38.17,29.78,49.9,43.0,35.37,552.94,552.94,513.21,0.95,0.95,0.95,22.325000000000003,22.325000000000003,22.325000000000003,1.46,6.67,7.97,10.56,12.45,11.34,2.54,2.02,1.36,,,,,,,72.0,63.0,50.0,,,,,,,,,,,,,,
1761321600.0,2025-10-24 16:00:00,2025-10-24 21:30:00,46.48,54.38,,,552.94,0.95,22.325000000000003,3.47,9.82,2.95,77.15586206896552,54.38,77.0,Satisfactory,21.0,24.0,4.0,10.0,44.94333333333333,52.37333333333333,552.94,0.95,22.325000000000003,2.386666666666672,10.126666666666663,2.76,,,39.10125,44.55041666666667,546.9483333333334,0.95,19.84166666666667,3.82375,8.165000000000001,1.70625,,,45.2,40.43,31.0,52.84,45.97,37.39,552.94,552.94,532.53,0.95,0.95,0.95,22.325000000000003,22.325000000000003,22.325000000000003,2.23,2.83,5.22,10.0,11.61,10.21,2.79,2.23,1.38,,,,,,,75.0,67.0,51.0,,,,,,,,,,,,,,
1761325200.0,2025-10-24 17:00:00,2025-10-24 22:30:00,48.26,56.67,,,552.94,0.95,22.325000000000003,2.93,9.64,3.17,80.16344827586207,56.67,80.0,Satisfactory,22.0,24.0,4.0,10.0,46.646666666666654,54.63,552.94,0.95,22.325000000000003,2.876666666666672,9.82,2.97,,,39.73333333333333,45.23666666666666,546.9483333333334,0.95,19.84166666666667,3.810416666666667,8.195833333333333,1.7791666666666668,,,46.48,43.15,33.09,54.38,49.9,40.2,552.94,552.94,552.94,0.95,0.95,0.95,22.325000000000003,22.325000000000003,22.325000000000003,3.47,1.46,3.25,9.82,10.56,8.9,2.95,2.54,1.42,,,,,,,77.0,72.0,55.0,,,,,,,,,,,,,,
1761328800.0,2025-10-24 18:00:00,2025-10-24 23:30:00,49.46,57.66,,,552.94,0.95,22.325000000000003,2.02,9.04,3.09,82.19103448275862,57.66,82.0,Satisfactory,23.0,24.0,4.0,10.0,48.06666666666666,56.23666666666666,552.94,0.95,22.325000000000003,2.8066666666666715,9.499999999999998,3.07,,,40.32958333333333,45.88,546.9483333333334,0.95,19.84166666666667,3.813333333333333,8.258333333333335,1.8516666666666663,,,48.26,45.2,35.15,56.67,52.84,42.22,552.94,552.94,552.94,0.95,0.95,0.95,22.325000000000003,22.325000000000003,22.325000000000003,2.93,2.23,1.95,9.64,10.0,7.54,3.17,2.79,1.35,,,,,,,80.0,75.0,58.0,,,,,,,,,,,,,,
1761332400.0,2025-10-24 19:00:00,2025-10-25 00:30:00,49.94,56.97,,,552.94,0.95,22.325000000000003,0.95,7.61,2.82,83.00206896551724,56.97,83.0,Satisfactory,0.0,25.0,5.0,10.0,49.21999999999999,57.1,552.94,0.95,22.325000000000003,1.966666666666672,8.76333333333333,3.026666666666667,,,40.88708333333334,46.47541666666667,546.9483333333334,0.95,19.84166666666667,3.806666666666666,8.338333333333333,1.9158333333333333,,,49.46,46.48,36.56,57.66,54.38,42.68,552.94,552.94,552.94,0.95,0.95,0.95,22.325000000000003,22.325000000000003,22.325000000000003,2.02,3.47,1.11,9.04,9.82,5.69,3.09,2.95,1.28,,,,,,,82.0,77.0,60.0,,,,,,,,,,,,,,
1761336000.0,2025-10-24 20:00:00,2025-10-25 01:30:00,50.66,56.65,,,552.94,0.95,22.325000000000003,0.31,6.31,2.61,84.21862068965517,56.65,84.0,Satisfactory,1.0,25.0,5.0,10.0,50.01999999999999,57.09333333333333,552.94,0.95,22.325000000000003,1.093333333333338,7.65333333333333,2.84,,,41.427083333333336,47.032916666666665,546.9483333333334,0.95,19.894375,3.7920833333333337,8.428333333333333,1.96625,,,49.94,48.26,37.7,56.97,56.67,43.27,552.94,552.94,552.94,0.95,0.95,0.95,22.325000000000003,22.325000000000003,21.06,0.95,2.93,0.66,7.61,9.64,4.15,2.82,3.17,1.4,,,,,,,83.0,80.0,62.0,,,,,,,,,,,,,,
1761339600.0,2025-10-24 21:00:00,2025-10-25 02:30:00,51.65,56.77,,,552.94,0.95,22.325000000000003,0.09,5.54,2.45,85.89137931034483,56.77,86.0,Satisfactory,2.0,25.0,5.0,10.0,50.74999999999999,56.79666666666666,552.94,0.95,22.325000000000003,0.4500000000000047,6.486666666666665,2.626666666666667,,,41.96333333333333,47.56,546.9483333333334,0.95,20.03791666666667,3.775833333333333,8.517916666666666,2.0016666666666665,,,50.66,49.46,38.78,56.65,57.66,44.12,552.94,552.94,552.94,0.95,0.95,0.95,22.325000000000003,22.325000000000003,18.88,0.31,2.02,0.48,6.31,9.04,3.39,2.61,3.09,1.6,,,,,,,84.0,82.0,64.0,,,,,,,,,,,,,,
1761343200.0,2025-10-24 22:00:00,2025-10-25 03:30:00,52.91,57.31,,,552.94,0.95,22.325000000000003,0.02,4.75,2.42,88.0203448275862,57.31,88.0,Satisfactory,3.0,25.0,5.0,10.0,51.73999999999999,56.90999999999999,552.94,0.95,22.325000000000003,0.1400000000000047,5.533333333333331,2.4933333333333336,,,42.50875,48.07625000000001,546.9483333333334,0.95,20.248125,3.7633333333333336,8.587083333333332,2.024166666666667,,,51.65,49.94,39.82,56.77,56.97,44.92,552.94,552.94,552.94,0.95,0.95,0.95,22.325000000000003,22.325000000000003,17.28,0.09,0.95,0.32,5.54,7.61,3.09,2.45,2.82,1.88,,,,,,,86.0,83.0,66.0,,,,,,,,,,,,,,
1761346800.0,2025-10-24 23:00:00,2025-10-25 04:30:00,54.19,58.12,,,552.94,0.95,22.325000000000003,0.0,4.04,2.45,90.18310344827586,58.12,90.0,Satisfactory,4.0,25.0,5.0,10.0,52.91666666666666,57.4,552.94,0.95,22.325000000000003,0.0366666666666714,4.776666666666665,2.44,,,43.06916666666666,48.6025,546.9483333333334,0.95,20.52875,3.757916666666667,8.641250000000001,2.0370833333333334,,,52.91,50.66,40.74,57.31,56.65,45.49,552.94,552.94,552.94,0.95,0.95,0.95,22.325000000000003,22.325000000000003,15.59,0.02,0.31,0.13,4.75,6.31,2.74,2.42,2.61,2.14,,,,,,,88.0,84.0,67.0,,,,,,,,,,,,,,
1761350400.0,2025-10-25 00:00:00,2025-10-25 05:30:00,55.31,58.85,,,552.94,0.95,20.96,0.0,3.56,2.52,92.07551724137932,58.85,92.0,Satisfactory,5.0,25.0,5.0,10.0,54.136666666666656,58.09333333333333,552.94,0.95,21.870000000000005,0.0066666666666714,4.1166666666666645,2.4633333333333334,,,43.64166666666667,49.134166666666665,546.9483333333334,0.95,20.8175,3.75625,8.68625,2.0425,,,54.19,51.65,41.57,58.12,56.77,46.09,552.94,552.94,552.94,0.95,0.95,0.95,22.325000000000003,22.325000000000003,14.03,0.0,0.09,0.04,4.04,5.54,2.48,2.45,2.45,2.39,,,,,,,90.0,86.0,69.0,,,,,,,,,,,,,,
1761354000.0,2025-10-25 01:00:00,2025-10-25 06:30:00,56.04,59.56,,,552.94,0.95,19.89,0.01,3.16,2.37,93.30896551724138,59.56,93.0,Satisfactory,6.0,25.0,5.0,10.0,55.17999999999999,58.84333333333333,552.94,0.95,21.05833333333334,0.003333333333338,3.586666666666664,2.4466666666666668,,,44.20583333333334,49.642500000000005,546.9483333333334,0.95,21.109583333333337,3.755833333333333,8.703750000000001,2.035416666666667,,,55.31,52.91,42.5,58.85,57.31,47.36,552.94,552.94,552.94,0.95,0.95,0.95,20.96,22.325000000000003,12.88,0.0,0.02,0.02,3.56,4.75,2.74,2.52,2.42,2.54,,,,,,,92.0,88.0,70.0,,,,,,,,,,,,,,
1761357600.0,2025-10-25 02:00:00,2025-10-25 07:30:00,56.78,61.32,,,552.94,0.95,19.04,0.46,3.06,2.0,94.5593103448276,61.32,95.0,Satisfactory,7.0,25.0,5.0,10.0,56.04333333333332,59.91,552.94,0.95,19.96333333333333,0.1566666666666714,3.259999999999998,2.296666666666667,,,44.739583333333336,50.08875,546.9483333333334,0.95,21.412500000000005,3.7525,8.68875,2.005416666666666,,,56.04,54.19,43.97,59.56,58.12,50.61,552.94,552.94,552.94,0.95,0.95,0.95,19.89,22.325000000000003,11.77,0.01,0.0,0.54,3.16,4.04,3.42,2.37,2.45,2.72,,,,,,,93.0,90.0,73.0,,,,,,,,,,,,,,
1761361200.0,2025-10-25 03:00:00,2025-10-25 08:30:00,57.19,62.45,,,552.94,0.95,18.64,2.16,3.08,1.76,95.25206896551724,62.45,95.0,Satisfactory,8.0,25.0,5.0,10.0,56.66999999999999,61.10999999999999,552.94,0.95,19.19,0.8766666666666715,3.099999999999998,2.043333333333333,,,45.23875,50.46333333333334,546.9483333333334,0.95,21.7325,3.765833333333333,8.649166666666666,1.961666666666667,,,56.78,55.31,45.21,61.32,58.85,53.46,552.94,552.94,552.94,0.95,0.95,0.95,19.04,20.96,10.96,0.46,0.0,1.84,3.06,3.56,4.03,2.0,2.52,2.81,,,,,,,95.0,92.0,75.0,,,,,,,,,,,,,,
1761364800.0,2025-10-25 04:00:00,2025-10-25 09:30:00,54.41,57.68,,,552.94,0.95,22.325000000000003,14.48,8.64,0.02,90.5548275862069,57.68,91.0,Satisfactory,9.0,25.0,5.0,10.0,56.12666666666666,60.48333333333333,552.94,0.95,20.00166666666667,5.7000000000000055,4.926666666666665,1.26,,,45.77916666666666,50.91333333333333,546.9483333333334,0.95,21.86895833333333,4.224166666666667,8.635833333333334,1.925,,,57.19,56.04,41.44,62.45,59.56,46.88,552.94,552.94,552.94,0.95,0.95,0.95,18.64,19.89,19.05,2.16,0.01,3.48,3.08,3.16,8.96,1.76,2.37,0.9,,,,,,,95.0,93.0,69.0,,,,,,,,,,,,,,
1761368400.0,2025-10-25 05:00:00,2025-10-25 10:30:00,51.56,54.62,,,521.46,0.95,22.05,23.75,9.26,0.0,85.7393103448276,54.62,86.0,Satisfactory,10.0,25.0,5.0,10.0,54.386666666666656,58.24999999999999,542.4466666666667,0.95,21.00500000000001,13.463333333333338,6.993333333333332,0.5933333333333334,,,46.30500000000001,51.37166666666667,545.6366666666667,0.95,21.864791666666665,5.041666666666667,8.59375,1.8983333333333328,,,54.41,56.78,38.94,57.68,61.32,43.62,552.94,552.94,552.94,0.95,0.95,0.95,22.325000000000003,19.04,22.15,14.48,0.46,4.13,8.64,3.06,10.27,0.02,2.0,0.64,,,,,,,91.0,95.0,64.0,,,,,,,,,,,,,,
1761372000.0,2025-10-25 06:00:00,2025-10-25 11:30:00,48.07,50.96,,,487.23,0.95,18.94,32.43,8.79,0.0,79.84241379310345,36.52,80.0,Satisfactory,11.0,25.0,5.0,10.0,51.34666666666666,54.42,520.5433333333334,0.95,21.105000000000008,23.55333333333334,8.896666666666663,0.0066666666666666,,,46.75,51.76625000000001,542.89875,0.95,21.72375,6.205000000000001,8.499166666666666,1.8770833333333328,,,51.56,57.19,37.39,54.62,62.45,41.49,521.46,552.94,552.94,0.95,0.95,0.95,22.05,18.64,22.325000000000003,23.75,2.16,4.51,9.26,3.08,11.06,0.0,1.76,0.51,,,,,,,86.0,95.0,62.0,,,,,,,,,,,,,,
1761375600.0,2025-10-25 07:00:00,2025-10-25 12:30:00,34.39,36.52,,,380.32,0.95,14.39,43.67,6.54,0.01,56.72793103448276,36.52,57.0,Satisfactory,12.0,25.0,5.0,10.0,44.673333333333325,47.36666666666665,463.0033333333333,0.95,18.460000000000004,33.28333333333334,8.196666666666664,0.0033333333333333,,,46.75291666666666,51.71875,537.5612500000001,0.95,21.393125,7.702916666666667,8.26375,1.86375,,,48.07,54.41,34.32,50.96,57.68,37.66,487.23,552.94,508.42,0.95,0.95,0.95,18.94,22.325000000000003,22.325000000000003,32.43,14.48,7.72,8.79,8.64,12.19,0.0,0.02,0.33,,,,,,,80.0,91.0,57.0,,,,,,,,,,,,,,
1761379200.0,2025-10-25 08:00:00,2025-10-25 13:30:00,25.98,27.67,,,324.3,0.84,11.23,51.75,4.68,0.06,43.3,27.67,43.0,Good,13.0,25.0,5.0,10.0,36.14666666666666,38.383333333333326,397.2833333333333,0.9133333333333334,14.85333333333334,42.616666666666674,6.669999999999997,0.0233333333333333,,,46.456666666666656,51.35166666666667,530.1504166666667,0.9454166666666666,20.930833333333336,9.46375,7.9325,1.8420833333333333,,,34.39,51.56,33.09,36.52,54.62,36.48,380.32,521.46,502.16,0.95,0.95,0.95,14.39,22.05,22.325000000000003,43.67,23.75,9.49,6.54,9.26,12.63,0.01,0.0,0.58,,,,,,,57.0,86.0,55.0,,,,,,,,,,,,,,
1761382800.0,2025-10-25 09:00:00,2025-10-25 14:30:00,22.77,24.3,,,304.02,0.27,9.14,58.25,4.01,0.1,37.95,24.3,38.0,Good,14.0,25.0,5.0,10.0,27.713333333333328,29.49666666666666,336.2133333333333,0.6866666666666669,11.586666666666671,51.223333333333336,5.076666666666664,0.0566666666666666,,,46.01666666666666,50.82666666666666,521.2979166666668,0.9170833333333333,20.38145833333333,11.440833333333332,7.555833333333333,1.8091666666666668,,,25.98,48.07,33.33,27.67,50.96,36.9,324.3,487.23,516.48,0.84,0.95,0.95,11.23,18.94,22.325000000000003,51.75,32.43,10.8,4.68,8.79,13.05,0.06,0.0,0.89,,,,,,,43.0,80.0,55.0,,,,,,,,,,,,,,
1761386400.0,2025-10-25 10:00:00,2025-10-25 15:30:00,23.99,25.69,,,319.64,0.16,8.83,59.37,4.09,0.36,39.98333333333333,25.69,40.0,Good,15.0,25.0,5.0,10.0,24.24666666666666,25.88666666666666,315.9866666666666,0.4233333333333335,9.733333333333336,56.45666666666667,4.259999999999998,0.1733333333333333,,,45.56666666666666,50.28541666666667,512.07875,0.8841666666666667,19.819166666666668,13.333333333333334,7.1937500000000005,1.7691666666666668,,,22.77,34.39,34.79,24.3,36.52,38.68,304.02,380.32,540.9,0.27,0.95,0.95,9.14,14.39,22.325000000000003,58.25,43.67,13.95,4.01,6.54,12.78,0.1,0.01,1.32,,,,,,,38.0,57.0,57.0,,,,,,,,,,,,,,
1761390000.0,2025-10-25 11:00:00,2025-10-25 16:30:00,26.87,28.96,,,356.21,0.16,10.47,54.97,4.41,0.67,44.78333333333334,28.96,45.0,Good,16.0,25.0,5.0,10.0,24.54333333333332,26.316666666666663,326.6233333333333,0.1966666666666668,9.480000000000004,57.53000000000001,4.169999999999998,0.3766666666666666,,,45.16083333333333,49.78416666666667,503.88166666666666,0.8512499999999998,19.325208333333336,15.178333333333333,6.860416666666667,1.7254166666666668,,,23.99,25.98,36.61,25.69,27.67,40.99,319.64,324.3,552.94,0.16,0.84,0.95,8.83,11.23,22.325000000000003,59.37,51.75,10.69,4.09,4.68,12.41,0.36,0.06,1.72,,,,,,,40.0,43.0,60.0,,,,,,,,,,,,,,
1761393600.0,2025-10-25 12:00:00,2025-10-25 17:30:00,28.74,31.21,,,393.9,0.06,13.37,49.2,4.82,0.86,47.9,31.21,48.0,Good,17.0,25.0,5.0,10.0,26.533333333333328,28.62,356.58333333333326,0.1266666666666668,10.890000000000002,54.51333333333334,4.439999999999998,0.6299999999999999,,,44.76791666666667,49.29291666666666,497.25500000000005,0.8141666666666666,18.95208333333333,16.950416666666666,6.5425,1.6770833333333333,,,26.87,22.77,38.17,28.96,24.3,43.0,356.21,304.02,552.94,0.16,0.27,0.95,10.47,9.14,22.325000000000003,54.97,58.25,6.67,4.41,4.01,12.45,0.67,0.1,2.02,,,,,,,45.0,38.0,63.0,,,,,,,,,,,,,,
1761397200.0,2025-10-25 13:00:00,2025-10-25 18:30:00,30.61,33.95,,,438.05,0.0,16.9,41.36,4.48,1.33,54.75103448275862,33.95,34.0,Good,18.0,25.0,5.0,10.0,28.739999999999995,31.373333333333324,396.0533333333333,0.0733333333333334,13.580000000000004,48.51000000000001,4.569999999999998,0.9533333333333333,,,44.35874999999999,48.79208333333333,492.4679166666667,0.7745833333333333,18.726041666666667,18.55583333333333,6.245416666666666,1.6395833333333334,,,28.74,23.99,40.43,31.21,25.69,45.97,393.9,319.64,552.94,0.06,0.16,0.95,13.37,8.83,22.325000000000003,49.2,59.37,2.83,4.82,4.09,11.61,0.86,0.36,2.23,,,,,,,48.0,40.0,67.0,,,,,,,,,,,,,,
1761400800.0,2025-10-25 14:00:00,2025-10-25 19:30:00,33.22,38.1,,,494.5,0.01,19.91,31.88,4.01,1.83,54.75103448275862,38.1,55.0,Satisfactory,19.0,25.0,5.0,10.0,30.85666666666666,34.419999999999995,442.1499999999999,0.0233333333333334,16.72666666666667,40.81333333333334,4.436666666666664,1.34,,,43.945,48.30041666666667,490.0329166666667,0.7354166666666666,18.62541666666667,19.82333333333333,5.9725,1.61,,,30.61,26.87,43.15,33.95,28.96,49.9,438.05,356.21,552.94,0.0,0.16,0.95,16.9,10.47,22.325000000000003,41.36,54.97,1.46,4.48,4.41,10.56,1.33,0.67,2.54,,,,,,,34.0,45.0,72.0,,,,,,,,,,,,,,
1761404400.0,2025-10-25 15:00:00,2025-10-25 20:30:00,35.63,42.02,,,546.6,0.04,21.19,23.67,3.67,2.05,58.823103448275866,42.02,59.0,Satisfactory,20.0,25.0,5.0,10.0,33.15333333333333,38.02333333333333,493.05,0.0166666666666668,19.33333333333334,32.303333333333335,4.053333333333331,1.7366666666666664,,,43.54624999999999,47.849583333333335,489.76875,0.6975000000000001,18.578125000000004,20.716666666666665,5.708749999999999,1.5791666666666668,,,33.22,28.74,45.2,38.1,31.21,52.84,494.5,393.9,552.94,0.01,0.06,0.95,19.91,13.37,22.325000000000003,31.88,49.2,2.23,4.01,4.82,10.0,1.83,0.86,2.79,,,,,,,55.0,48.0,75.0,,,,,,,,,,,,,,
1761408000.0,2025-10-25 16:00:00,2025-10-25 21:30:00,37.3,44.74,,,552.94,0.08,20.99,17.58,3.25,2.08,61.644827586206894,44.74,62.0,Satisfactory,21.0,25.0,5.0,10.0,35.383333333333326,41.62,531.3466666666667,0.0433333333333334,20.69666666666667,24.37666666666667,3.643333333333331,1.9866666666666664,,,43.16374999999999,47.44791666666666,489.76875,0.66125,18.5225,21.30458333333333,5.435,1.5429166666666667,,,35.63,30.61,46.48,42.02,33.95,54.38,546.6,438.05,552.94,0.04,0.0,0.95,21.19,16.9,22.325000000000003,23.67,41.36,3.47,3.67,4.48,9.82,2.05,1.33,2.95,,,,,,,59.0,34.0,77.0,,,,,,,,,,,,,,
1761411600.0,2025-10-25 17:00:00,2025-10-25 22:30:00,38.78,46.83,,,552.94,0.14,20.38,13.36,2.89,2.05,64.14551724137931,46.83,64.0,Satisfactory,22.0,25.0,5.0,10.0,37.23666666666666,44.53,550.8266666666667,0.0866666666666668,20.85333333333333,18.203333333333337,3.269999999999998,2.06,,,42.76875,47.03791666666667,489.76875,0.6275,18.441458333333333,21.739166666666662,5.15375,1.49625,,,37.3,33.22,48.26,44.74,38.1,56.67,552.94,494.5,552.94,0.08,0.01,0.95,20.99,19.91,22.325000000000003,17.58,31.88,2.93,3.25,4.01,9.64,2.08,1.83,3.17,,,,,,,62.0,55.0,80.0,,,,,,,,,,,,,,
1761415200.0,2025-10-25 18:00:00,2025-10-25 23:30:00,39.67,47.53,,,552.94,0.19,19.58,10.22,2.49,1.9,65.6493103448276,47.53,66.0,Satisfactory,23.0,25.0,5.0,10.0,38.583333333333336,46.36666666666665,552.94,0.1366666666666668,20.316666666666663,13.720000000000004,2.8766666666666647,2.01,,,42.36083333333333,46.615833333333335,489.76875,0.5958333333333333,18.32708333333333,22.08083333333333,4.880833333333333,1.4466666666666663,,,38.78,35.63,49.46,46.83,42.02,57.66,552.94,546.6,552.94,0.14,0.04,0.95,20.38,21.19,22.325000000000003,13.36,23.67,2.02,2.89,3.67,9.04,2.05,2.05,3.09,,,,,,,64.0,59.0,82.0,,,,,,,,,,,,,,
1761418800.0,2025-10-25 19:00:00,2025-10-26 00:30:00,39.44,45.84,,,552.94,0.16,17.92,8.96,2.0,1.58,65.26068965517241,45.84,65.0,Satisfactory,0.0,26.0,6.0,10.0,39.29666666666666,46.73333333333333,552.94,0.1633333333333334,19.293333333333337,10.846666666666671,2.4599999999999977,1.843333333333333,,,41.92333333333333,46.15208333333334,489.76875,0.5629166666666666,18.143541666666668,22.414583333333336,4.647083333333333,1.3950000000000002,,,39.67,37.3,49.94,47.53,44.74,56.97,552.94,552.94,552.94,0.19,0.08,0.95,19.58,20.99,22.325000000000003,10.22,17.58,0.95,2.49,3.25,7.61,1.9,2.08,2.82,,,,,,,66.0,62.0,83.0,,,,,,,,,,,,,,
1761422400.0,2025-10-25 20:00:00,2025-10-26 01:30:00,38.91,44.02,,,552.94,0.11,15.71,9.18,1.66,1.32,64.3651724137931,44.02,64.0,Satisfactory,1.0,26.0,6.0,10.0,39.34,45.79666666666666,552.94,0.1533333333333334,17.736666666666668,9.453333333333338,2.0499999999999976,1.6,,,41.43375,45.62583333333334,489.76875,0.5279166666666666,17.86791666666667,22.784166666666668,4.453333333333334,1.3412500000000005,,,39.44,38.78,50.66,45.84,46.83,56.65,552.94,552.94,552.94,0.16,0.14,0.95,17.92,20.38,22.325000000000003,8.96,13.36,0.31,2.0,2.89,6.31,1.58,2.05,2.61,,,,,,,65.0,64.0,84.0,,,,,,,,,,,,,,
1761426000.0,2025-10-25 21:00:00,2025-10-26 02:30:00,38.37,42.62,,,552.94,0.1,13.6,10.06,1.46,1.16,63.45275862068965,42.62,63.0,Satisfactory,2.0,26.0,6.0,10.0,38.90666666666666,44.16,552.94,0.1233333333333334,15.743333333333338,9.400000000000006,1.7066666666666643,1.3533333333333333,,,40.88041666666667,45.03625,489.76875,0.4924999999999999,17.504375,23.199583333333333,4.283333333333333,1.2875,,,38.91,39.67,51.65,44.02,47.53,56.77,552.94,552.94,552.94,0.11,0.19,0.95,15.71,19.58,22.325000000000003,9.18,10.22,0.09,1.66,2.49,5.54,1.32,1.9,2.45,,,,,,,64.0,66.0,86.0,,,,,,,,,,,,,,
1761429600.0,2025-10-25 22:00:00,2025-10-26 03:30:00,37.55,41.22,,,552.94,0.13,11.85,10.97,1.36,1.08,62.06724137931034,41.22,62.0,Satisfactory,3.0,26.0,6.0,10.0,38.27666666666666,42.62,552.94,0.1133333333333334,13.720000000000004,10.070000000000006,1.4933333333333312,1.1866666666666663,,,40.24041666666667,44.365833333333335,489.76875,0.4583333333333333,17.067916666666665,23.655833333333334,4.142083333333333,1.231666666666667,,,38.37,39.44,52.91,42.62,45.84,57.31,552.94,552.94,552.94,0.1,0.16,0.95,13.6,17.92,22.325000000000003,10.06,8.96,0.02,1.46,2.0,4.75,1.16,1.58,2.42,,,,,,,63.0,65.0,88.0,,,,,,,,,,,,,,
1761433200.0,2025-10-25 23:00:00,2025-10-26 04:30:00,36.78,40.1,,,541.82,0.19,10.59,11.07,1.28,1.09,60.76620689655172,40.1,61.0,Satisfactory,4.0,26.0,6.0,10.0,37.56666666666666,41.313333333333325,549.2333333333333,0.1400000000000001,12.013333333333335,10.700000000000005,1.3666666666666645,1.1099999999999997,,,39.515,43.615,489.3054166666666,0.4266666666666666,16.578958333333333,24.117083333333337,4.027083333333334,1.175,,,37.55,38.91,54.19,41.22,44.02,58.12,552.94,552.94,552.94,0.13,0.11,0.95,11.85,15.71,22.325000000000003,10.97,9.18,0.0,1.36,1.66,4.04,1.08,1.32,2.45,,,,,,,62.0,64.0,90.0,,,,,,,,,,,,,,
1761436800.0,2025-10-26 00:00:00,2025-10-26 05:30:00,36.05,39.16,,,528.62,0.28,9.75,11.17,1.27,1.14,59.53275862068965,39.16,60.0,Satisfactory,5.0,26.0,6.0,10.0,36.79333333333333,40.15999999999999,541.1266666666667,0.2000000000000001,10.730000000000004,11.070000000000006,1.303333333333331,1.1033333333333333,,,38.7125,42.79458333333334,488.2920833333333,0.39875,16.111875,24.5825,3.931666666666666,1.1175,,,36.78,38.37,55.31,40.1,42.62,58.85,541.82,552.94,552.94,0.19,0.1,0.95,10.59,13.6,20.96,11.07,10.06,0.0,1.28,1.46,3.56,1.09,1.16,2.52,,,,,,,61.0,63.0,92.0,,,,,,,,,,,,,,
1761440400.0,2025-10-26 01:00:00,2025-10-26 06:30:00,35.11,38.4,,,517.52,0.45,9.31,11.72,1.38,1.16,57.94448275862069,38.4,58.0,Satisfactory,6.0,26.0,6.0,10.0,35.98,39.21999999999999,529.32,0.3066666666666668,9.883333333333338,11.320000000000006,1.3099999999999976,1.13,,,37.84041666666666,41.91291666666667,486.8162500000001,0.3779166666666667,15.671041666666666,25.07041666666667,3.8575,1.0670833333333334,,,36.05,37.55,56.04,39.16,41.22,59.56,528.62,552.94,552.94,0.28,0.13,0.95,9.75,11.85,19.89,11.17,10.97,0.01,1.27,1.36,3.16,1.14,1.08,2.37,,,,,,,60.0,62.0,93.0,,,,,,,,,,,,,,
1761444000.0,2025-10-26 02:00:00,2025-10-26 07:30:00,34.02,38.07,,,513.13,0.95,9.16,13.69,1.77,1.21,56.10275862068966,38.07,56.0,Satisfactory,7.0,26.0,6.0,10.0,35.059999999999995,38.54333333333332,519.7566666666665,0.5600000000000002,9.406666666666672,12.193333333333335,1.473333333333331,1.17,,,36.89208333333333,40.94416666666667,485.1575,0.3779166666666667,15.259375,25.621666666666663,3.80375,1.034166666666667,,,35.11,36.78,56.78,38.4,40.1,61.32,517.52,541.82,552.94,0.45,0.19,0.95,9.31,10.59,19.04,11.72,11.07,0.46,1.38,1.28,3.06,1.16,1.09,2.0,,,,,,,58.0,61.0,95.0,,,,,,,,,,,,,,
1761447600.0,2025-10-26 03:00:00,2025-10-26 08:30:00,32.45,37.14,,,500.0,0.95,8.86,19.76,2.33,1.19,53.45,37.14,53.0,Satisfactory,8.0,26.0,6.0,10.0,33.85999999999999,37.87,510.2166666666666,0.7833333333333335,9.110000000000005,15.056666666666672,1.8266666666666644,1.1866666666666663,,,35.861250000000005,39.88958333333333,482.95166666666665,0.3779166666666667,14.851875,26.355000000000004,3.7725,1.0104166666666667,,,34.02,36.05,57.19,38.07,39.16,62.45,513.13,528.62,552.94,0.95,0.28,0.95,9.16,9.75,18.64,13.69,11.17,2.16,1.77,1.27,3.08,1.21,1.14,1.76,,,,,,,56.0,60.0,95.0,,,,,,,,,,,,,,
1761451200.0,2025-10-26 04:00:00,2025-10-26 09:30:00,27.13,31.15,,,411.21,0.67,10.08,31.07,3.39,0.73,45.21666666666667,31.15,45.0,Good,9.0,26.0,6.0,10.0,31.2,35.453333333333326,474.78,0.8566666666666668,9.366666666666667,21.50666666666667,2.4966666666666644,1.043333333333333,,,34.724583333333335,38.78416666666667,477.04625,0.3662499999999999,14.341666666666669,27.04625,3.5537500000000004,1.04,,,32.45,35.11,54.41,37.14,38.4,57.68,500.0,517.52,552.94,0.95,0.45,0.95,8.86,9.31,22.325000000000003,19.76,11.72,14.48,2.33,1.38,8.64,1.19,1.16,0.02,,,,,,,53.0,58.0,91.0,,,,,,,,,,,,,,
1761454800.0,2025-10-26 05:00:00,2025-10-26 10:30:00,24.88,28.9,,,392.92,0.48,10.84,32.35,4.15,0.96,41.46666666666667,28.9,41.0,Good,10.0,26.0,6.0,10.0,28.153333333333325,32.396666666666654,434.71,0.7000000000000002,9.926666666666671,27.72666666666668,3.289999999999998,0.96,,,33.61291666666667,37.7125,471.6904166666666,0.3466666666666667,13.874583333333334,27.40458333333333,3.3408333333333338,1.0799999999999998,,,27.13,34.02,51.56,31.15,38.07,54.62,411.21,513.13,521.46,0.67,0.95,0.95,10.08,9.16,22.05,31.07,13.69,23.75,3.39,1.77,9.26,0.73,1.21,0.0,,,,,,,45.0,56.0,86.0,,,,,,,,,,,,,,
1761458400.0,2025-10-26 06:00:00,2025-10-26 11:30:00,23.12,27.09,,,383.05,0.56,11.36,32.66,4.92,1.12,38.53333333333334,27.09,39.0,Good,11.0,26.0,6.0,10.0,25.04333333333333,29.046666666666656,395.7266666666666,0.5700000000000002,10.760000000000003,32.02666666666667,4.153333333333332,0.9366666666666664,,,32.57333333333333,36.71791666666667,467.3495833333334,0.3304166666666666,13.558749999999998,27.414166666666663,3.179583333333333,1.1266666666666667,,,24.88,32.45,48.07,28.9,37.14,50.96,392.92,500.0,487.23,0.48,0.95,0.95,10.84,8.86,18.94,32.35,19.76,32.43,4.15,2.33,8.79,0.96,1.19,0.0,,,,,,,41.0,53.0,80.0,,,,,,,,,,,,,,
1761462000.0,2025-10-26 07:00:00,2025-10-26 12:30:00,21.62,25.24,,,369.48,0.44,12.21,33.74,6.34,1.25,36.03333333333334,25.24,36.0,Good,12.0,26.0,6.0,10.0,23.206666666666663,27.076666666666657,381.8166666666666,0.4933333333333335,11.470000000000004,32.91666666666668,5.136666666666664,1.11,,,32.04125,36.24791666666667,466.8979166666666,0.3091666666666666,13.467916666666667,27.000416666666663,3.17125,1.1783333333333337,,,23.12,27.13,34.39,27.09,31.15,36.52,383.05,411.21,380.32,0.56,0.67,0.95,11.36,10.08,14.39,32.66,31.07,43.67,4.92,3.39,6.54,1.12,0.73,0.01,,,,,,,39.0,45.0,57.0,,,,,,,,,,,,,,
1761465600.0,2025-10-26 08:00:00,2025-10-26 13:30:00,21.29,24.59,,,375.12,0.43,12.39,33.21,6.0,1.35,35.483333333333334,24.59,35.0,Good,13.0,26.0,6.0,10.0,22.009999999999994,25.63999999999999,375.88333333333327,0.4766666666666668,11.98666666666667,33.20333333333334,5.75333333333333,1.24,,,31.84583333333333,36.11958333333333,469.0154166666667,0.2920833333333333,13.51625,26.22791666666667,3.22625,1.2320833333333334,,,21.62,24.88,25.98,25.24,28.9,27.67,369.48,392.92,324.3,0.44,0.48,0.84,12.21,10.84,11.23,33.74,32.35,51.75,6.34,4.15,4.68,1.25,0.96,0.06,,,,,,,36.0,41.0,43.0,,,,,,,,,,,,,,
1761469200.0,2025-10-26 09:00:00,2025-10-26 14:30:00,22.17,25.23,,,388.07,0.72,12.28,32.79,5.73,1.28,36.95,25.23,37.0,Good,14.0,26.0,6.0,10.0,21.693333333333328,25.019999999999992,377.5566666666667,0.5300000000000001,12.293333333333337,33.24666666666667,6.023333333333331,1.2933333333333332,,,31.820833333333336,36.15833333333333,472.5175,0.3108333333333333,13.647083333333333,25.16708333333333,3.297916666666667,1.28125,,,21.29,23.12,22.77,24.59,27.09,24.3,375.12,383.05,304.02,0.43,0.56,0.27,12.39,11.36,9.14,33.21,32.66,58.25,6.0,4.92,4.01,1.35,1.12,0.1,,,,,,,35.0,39.0,38.0,,,,,,,,,,,,,,
1761472800.0,2025-10-26 10:00:00,2025-10-26 15:30:00,24.42,27.39,,,404.49,0.95,11.12,34.93,5.32,1.17,40.7,27.39,41.0,Good,15.0,26.0,6.0,10.0,22.626666666666665,25.73666666666666,389.2266666666666,0.7000000000000002,11.93,33.64333333333334,5.683333333333331,1.2666666666666666,,,31.83875,36.22916666666666,476.0529166666667,0.34375,13.7425,24.14875,3.349166666666666,1.315,,,22.17,21.62,23.99,25.23,25.24,25.69,388.07,369.48,319.64,0.72,0.44,0.16,12.28,12.21,8.83,32.79,33.74,59.37,5.73,6.34,4.09,1.28,1.25,0.36,,,,,,,37.0,36.0,40.0,,,,,,,,,,,,,,
1761476400.0,2025-10-26 11:00:00,2025-10-26 16:30:00,27.26,30.51,,,435.25,0.94,13.64,31.83,4.96,1.26,45.43333333333334,30.51,45.0,Good,16.0,26.0,6.0,10.0,24.616666666666664,27.71,409.27,0.8700000000000001,12.34666666666667,33.18333333333334,5.336666666666663,1.2366666666666666,,,31.855,36.29375,479.34625000000005,0.37625,13.874583333333334,23.18458333333333,3.3720833333333338,1.3395833333333331,,,24.42,21.29,26.87,27.39,24.59,28.96,404.49,375.12,356.21,0.95,0.43,0.16,11.12,12.39,10.47,34.93,33.21,54.97,5.32,6.0,4.41,1.17,1.35,0.67,,,,,,,41.0,35.0,45.0,,,,,,,,,,,,,,
1761480000.0,2025-10-26 12:00:00,2025-10-26 17:30:00,29.31,32.87,,,468.42,0.29,17.08,27.19,4.77,1.44,48.85,32.87,49.0,Good,17.0,26.0,6.0,10.0,26.99666666666666,30.25666666666666,436.0533333333333,0.7266666666666669,13.946666666666667,31.31666666666668,5.016666666666664,1.2899999999999998,,,31.87875,36.36291666666667,482.45125,0.3858333333333333,14.029166666666669,22.2675,3.37,1.3637500000000002,,,27.26,22.17,28.74,30.51,25.23,31.21,435.25,388.07,393.9,0.94,0.72,0.06,13.64,12.28,13.37,31.83,32.79,49.2,4.96,5.73,4.82,1.26,1.28,0.86,,,,,,,45.0,37.0,48.0,,,,,,,,,,,,,,
1761483600.0,2025-10-26 13:00:00,2025-10-26 18:30:00,31.24,35.51,,,503.53,0.07,19.85,22.74,4.18,1.72,51.40551724137931,35.51,51.0,Satisfactory,18.0,26.0,6.0,10.0,29.27,32.963333333333324,469.0666666666666,0.4333333333333334,16.85666666666667,27.25333333333334,4.636666666666664,1.473333333333333,,,31.905,36.42791666666667,485.17958333333337,0.3887499999999999,14.152083333333332,21.49166666666667,3.3575,1.38,,,29.31,24.42,30.61,32.87,27.39,33.95,468.42,404.49,438.05,0.29,0.95,0.0,17.08,11.12,16.9,27.19,34.93,41.36,4.77,5.32,4.48,1.44,1.17,1.33,,,,,,,49.0,41.0,34.0,,,,,,,,,,,,,,
1761487200.0,2025-10-26 14:00:00,2025-10-26 19:30:00,33.51,38.83,,,534.66,0.06,20.36,19.79,3.51,1.82,55.24103448275861,38.83,55.0,Satisfactory,19.0,26.0,6.0,10.0,31.353333333333325,35.73666666666666,502.2033333333333,0.1400000000000001,19.096666666666668,23.24000000000001,4.153333333333331,1.66,,,31.91708333333333,36.458333333333336,486.8529166666667,0.3908333333333333,14.170833333333333,20.987916666666667,3.3366666666666664,1.3795833333333334,,,31.24,27.26,33.22,35.51,30.51,38.1,503.53,435.25,494.5,0.07,0.94,0.01,19.85,13.64,19.91,22.74,31.83,31.88,4.18,4.96,4.01,1.72,1.26,1.83,,,,,,,51.0,45.0,55.0,,,,,,,,,,,,,,
1761490800.0,2025-10-26 15:00:00,2025-10-26 20:30:00,35.6,41.67,,,552.94,0.04,19.33,18.55,3.07,1.78,58.77241379310345,41.67,59.0,Satisfactory,20.0,26.0,6.0,10.0,33.44999999999999,38.67,530.3766666666667,0.0566666666666668,19.846666666666668,20.360000000000003,3.586666666666664,1.7733333333333332,,,31.91583333333333,36.44375,487.1170833333333,0.3908333333333333,14.093333333333332,20.774583333333336,3.311666666666667,1.3683333333333334,,,33.51,29.31,35.63,38.83,32.87,42.02,534.66,468.42,546.6,0.06,0.29,0.04,20.36,17.08,21.19,19.79,27.19,23.67,3.51,4.77,3.67,1.82,1.44,2.05,,,,,,,55.0,49.0,59.0,,,,,,,,,,,,,,
1761494400.0,2025-10-26 16:00:00,2025-10-26 21:30:00,37.09,43.56,,,552.94,0.04,17.59,18.26,2.69,1.66,61.290000000000006,43.56,61.0,Satisfactory,21.0,26.0,6.0,10.0,35.4,41.353333333333325,546.8466666666667,0.0466666666666668,19.093333333333337,18.86666666666667,3.0899999999999976,1.7533333333333332,,,31.907083333333333,36.39458333333334,487.1170833333333,0.3891666666666666,13.951666666666668,20.80291666666667,3.2883333333333336,1.350833333333333,,,35.6,31.24,37.3,41.67,35.51,44.74,552.94,503.53,552.94,0.04,0.07,0.08,19.33,19.85,20.99,18.55,22.74,17.58,3.07,4.18,3.25,1.78,1.72,2.08,,,,,,,59.0,51.0,62.0,,,,,,,,,,,,,,
1761498000.0,2025-10-26 17:00:00,2025-10-26 22:30:00,38.09,44.77,,,552.94,0.03,16.0,18.25,2.38,1.53,62.9796551724138,44.77,63.0,Satisfactory,22.0,26.0,6.0,10.0,36.92666666666667,43.333333333333336,552.94,0.0366666666666668,17.640000000000004,18.35333333333334,2.7133333333333307,1.6566666666666665,,,31.87833333333333,36.30875,487.11708333333337,0.3845833333333333,13.769166666666669,21.006666666666668,3.2670833333333333,1.3291666666666668,,,37.09,33.51,38.78,43.56,38.83,46.83,552.94,534.66,552.94,0.04,0.06,0.14,17.59,20.36,20.38,18.26,19.79,13.36,2.69,3.51,2.89,1.66,1.82,2.05,,,,,,,61.0,55.0,64.0,,,,,,,,,,,,,,
1761501600.0,2025-10-26 18:00:00,2025-10-26 23:30:00,38.19,44.69,,,552.94,0.02,14.67,18.4,2.09,1.37,63.14862068965517,44.69,63.0,Satisfactory,23.0,26.0,6.0,10.0,37.79,44.34,552.94,0.0300000000000001,16.08666666666667,18.30333333333333,2.386666666666664,1.5199999999999998,,,31.816666666666663,36.19041666666667,487.11708333333337,0.3775,13.564583333333331,21.3475,3.2504166666666667,1.3070833333333332,,,38.09,35.6,39.67,44.77,41.67,47.53,552.94,552.94,552.94,0.03,0.04,0.19,16.0,19.33,19.58,18.25,18.55,10.22,2.38,3.07,2.49,1.53,1.78,1.9,,,,,,,63.0,59.0,66.0,,,,,,,,,,,,,,
1761505200.0,2025-10-26 19:00:00,2025-10-27 00:30:00,37.14,42.75,,,540.27,0.01,13.28,18.52,1.99,1.18,61.37448275862069,42.75,61.0,Satisfactory,0.0,27.0,0.0,10.0,37.806666666666665,44.06999999999999,548.7166666666667,0.0200000000000001,14.650000000000004,18.390000000000004,2.1533333333333307,1.36,,,31.72083333333333,36.06166666666667,486.5891666666666,0.37125,13.371249999999998,21.745833333333334,3.25,1.2904166666666663,,,38.19,37.09,39.44,44.69,43.56,45.84,552.94,552.94,552.94,0.02,0.04,0.16,14.67,17.59,17.92,18.4,18.26,8.96,2.09,2.69,2.0,1.37,1.66,1.58,,,,,,,63.0,61.0,65.0,,,,,,,,,,,,,,
1761508800.0,2025-10-26 20:00:00,2025-10-27 01:30:00,35.89,40.67,,,525.77,0.01,11.89,18.32,1.99,1.07,59.26241379310345,40.67,59.0,Satisfactory,1.0,27.0,0.0,10.0,37.07333333333333,42.703333333333326,539.66,0.0133333333333334,13.280000000000005,18.413333333333338,2.0233333333333303,1.2066666666666663,,,31.595,35.92208333333333,485.4570833333333,0.3670833333333334,13.212083333333332,22.12666666666667,3.26375,1.28,,,37.14,38.09,38.91,42.75,44.77,44.02,540.27,552.94,552.94,0.01,0.03,0.11,13.28,16.0,15.71,18.52,18.25,9.18,1.99,2.38,1.66,1.18,1.53,1.32,,,,,,,61.0,63.0,64.0,,,,,,,,,,,,,,
1761512400.0,2025-10-26 21:00:00,2025-10-27 02:30:00,34.36,38.5,,,509.4,0.01,10.51,18.63,1.96,1.01,56.677241379310345,38.5,57.0,Satisfactory,2.0,27.0,0.0,10.0,35.79666666666666,40.63999999999999,525.1466666666666,0.01,11.893333333333336,18.49000000000001,1.979999999999997,1.0866666666666664,,,31.427916666666665,35.750416666666666,483.6429166666667,0.3633333333333333,13.083333333333334,22.48375,3.2845833333333334,1.27375,,,35.89,38.19,38.37,40.67,44.69,42.62,525.77,552.94,552.94,0.01,0.02,0.1,11.89,14.67,13.6,18.32,18.4,10.06,1.99,2.09,1.46,1.07,1.37,1.16,,,,,,,59.0,63.0,63.0,,,,,,,,,,,,,,
1761516000.0,2025-10-26 22:00:00,2025-10-27 03:30:00,32.22,35.51,,,491.72,0.01,9.34,19.31,2.46,0.92,53.061379310344826,35.51,53.0,Satisfactory,3.0,27.0,0.0,10.0,34.15666666666666,38.22666666666666,508.9633333333333,0.01,10.580000000000004,18.75333333333334,2.136666666666664,1.0,,,31.20583333333333,35.5125,481.0920833333334,0.3583333333333333,12.97875,22.83125,3.330416666666667,1.2670833333333331,,,34.36,37.14,37.55,38.5,42.75,41.22,509.4,540.27,552.94,0.01,0.01,0.13,10.51,13.28,11.85,18.63,18.52,10.97,1.96,1.99,1.36,1.01,1.18,1.08,,,,,,,57.0,61.0,62.0,,,,,,,,,,,,,,
1761519600.0,2025-10-26 23:00:00,2025-10-27 04:30:00,29.42,31.94,,,469.28,0.01,8.39,20.18,2.83,0.81,49.03333333333334,31.94,49.0,Good,4.0,27.0,0.0,10.0,32.0,35.316666666666656,490.1333333333334,0.01,9.413333333333336,19.37333333333333,2.416666666666664,0.9133333333333332,,,30.899166666666662,35.1725,478.06958333333336,0.3508333333333333,12.887083333333331,23.210833333333337,3.395,1.2554166666666666,,,32.22,35.89,36.78,35.51,40.67,40.1,491.72,525.77,541.82,0.01,0.01,0.19,9.34,11.89,10.59,19.31,18.32,11.07,2.46,1.99,1.28,0.92,1.07,1.09,,,,,,,53.0,59.0,61.0,,,,,,,,,,,,,,
1761523200.0,2025-10-27 00:00:00,2025-10-27 05:30:00,26.12,28.17,,,439.9,0.01,7.81,21.1,2.93,0.73,43.53333333333334,28.17,44.0,Good,5.0,27.0,0.0,10.0,29.25333333333333,31.873333333333324,466.9666666666667,0.01,8.513333333333337,20.19666666666668,2.739999999999997,0.8199999999999998,,,30.485416666666666,34.71458333333333,474.3729166666667,0.3395833333333333,12.80625,23.624583333333334,3.464166666666667,1.2383333333333335,,,29.42,34.36,36.05,31.94,38.5,39.16,469.28,509.4,528.62,0.01,0.01,0.28,8.39,10.51,9.75,20.18,18.63,11.17,2.83,1.96,1.27,0.81,1.01,1.14,,,,,,,49.0,57.0,60.0,,,,,,,,,,,,,,
1761526800.0,2025-10-27 01:00:00,2025-10-27 06:30:00,21.97,23.74,,,397.46,0.01,7.41,23.53,3.05,0.65,36.61666666666667,23.74,37.0,Good,6.0,27.0,0.0,10.0,25.836666666666662,27.949999999999992,435.5466666666666,0.01,7.870000000000004,21.60333333333334,2.936666666666664,0.7299999999999999,,,29.937916666666663,34.10375,469.3704166666666,0.32125,12.727083333333336,24.11666666666667,3.5337499999999995,1.2170833333333333,,,26.12,32.22,35.11,28.17,35.51,38.4,439.9,491.72,517.52,0.01,0.01,0.45,7.81,9.34,9.31,21.1,19.31,11.72,2.93,2.46,1.38,0.73,0.92,1.16,,,,,,,44.0,53.0,58.0,,,,,,,,,,,,,,
1761530400.0,2025-10-27 02:00:00,2025-10-27 07:30:00,20.05,22.45,,,395.83,0.19,8.61,21.62,3.24,0.88,33.41666666666667,22.45,33.0,Good,7.0,27.0,0.0,10.0,22.713333333333328,24.78666666666666,411.0633333333333,0.0700000000000001,7.943333333333338,22.083333333333343,3.0733333333333306,0.7533333333333333,,,29.355833333333337,33.45291666666667,464.48291666666665,0.2895833333333333,12.704166666666666,24.44708333333333,3.595,1.2033333333333334,,,21.97,29.42,34.02,23.74,31.94,38.07,397.46,469.28,513.13,0.01,0.01,0.95,7.41,8.39,9.16,23.53,20.18,13.69,3.05,2.83,1.77,0.65,0.81,1.21,,,,,,,37.0,49.0,56.0,,,,,,,,,,,,,,
1761534000.0,2025-10-27 03:00:00,2025-10-27 08:30:00,19.63,23.0,,,419.78,0.95,10.15,20.06,3.55,1.2,32.71666666666667,23.0,33.0,Good,8.0,27.0,0.0,10.0,20.55,23.06333333333333,404.3566666666666,0.3833333333333334,8.723333333333338,21.736666666666668,3.2799999999999976,0.9099999999999998,,,28.82166666666667,32.86375,461.1404166666667,0.2895833333333333,12.757916666666668,24.45958333333333,3.6458333333333335,1.20375,,,20.05,26.12,32.45,22.45,28.17,37.14,395.83,439.9,500.0,0.19,0.01,0.95,8.61,7.81,8.86,21.62,21.1,19.76,3.24,2.93,2.33,0.88,0.73,1.19,,,,,,,33.0,44.0,53.0,,,,,,,,,,,,,,
1761537600.0,2025-10-27 04:00:00,2025-10-27 09:30:00,19.96,24.01,,,438.66,0.95,10.72,22.17,4.09,1.38,33.26666666666667,24.01,33.0,Good,9.0,27.0,0.0,10.0,19.879999999999995,23.153333333333325,418.09,0.6966666666666668,9.82666666666667,21.28333333333333,3.626666666666664,1.153333333333333,,,28.522916666666664,32.566250000000004,462.2841666666666,0.3012499999999999,12.784583333333332,24.08875,3.675,1.2308333333333332,,,19.63,21.97,27.13,23.0,23.74,31.15,419.78,397.46,411.21,0.95,0.01,0.67,10.15,7.41,10.08,20.06,23.53,31.07,3.55,3.05,3.39,1.2,0.65,0.73,,,,,,,33.0,37.0,45.0,,,,,,,,,,,,,,
1761541200.0,2025-10-27 05:00:00,2025-10-27 10:30:00,20.79,25.1,,,436.78,0.95,10.56,28.07,4.93,1.32,34.65,25.1,35.0,Good,10.0,27.0,0.0,10.0,20.12666666666666,24.03666666666666,431.74,0.95,10.476666666666672,23.433333333333337,4.189999999999997,1.2999999999999998,,,28.352500000000003,32.40791666666667,464.1116666666667,0.3208333333333333,12.772916666666667,23.910416666666663,3.7075,1.2458333333333331,,,19.96,20.05,24.88,24.01,22.45,28.9,438.66,395.83,392.92,0.95,0.19,0.48,10.72,8.61,10.84,22.17,21.62,32.35,4.09,3.24,4.15,1.38,0.88,0.96,,,,,,,33.0,33.0,41.0,,,,,,,,,,,,,,
1761544800.0,2025-10-27 06:00:00,2025-10-27 11:30:00,23.03,27.14,,,423.09,0.95,9.79,37.06,6.05,1.14,38.38333333333334,27.14,38.0,Good,11.0,27.0,0.0,10.0,21.259999999999994,25.416666666666657,432.8433333333333,0.95,10.356666666666673,29.100000000000005,5.023333333333331,1.2799999999999998,,,28.34875,32.410000000000004,465.78,0.3370833333333333,12.7075,24.09375,3.754583333333333,1.2466666666666668,,,20.79,19.63,23.12,25.1,23.0,27.09,436.78,419.78,383.05,0.95,0.95,0.56,10.56,10.15,11.36,28.07,20.06,32.66,4.93,3.55,4.92,1.32,1.2,1.12,,,,,,,35.0,33.0,39.0,,,,,,,,,,,,,,
1761548400.0,2025-10-27 07:00:00,2025-10-27 12:30:00,27.03,30.68,,,404.6,0.95,9.04,46.5,6.86,0.94,45.05,30.68,45.0,Good,12.0,27.0,0.0,10.0,23.61666666666666,27.64,421.49,0.95,9.79666666666667,37.21,5.9466666666666645,1.133333333333333,,,28.574166666666667,32.63666666666666,467.2433333333333,0.3583333333333333,12.575416666666667,24.625416666666663,3.77625,1.23375,,,23.03,19.96,21.62,27.14,24.01,25.24,423.09,438.66,369.48,0.95,0.95,0.44,9.79,10.72,12.21,37.06,22.17,33.74,6.05,4.09,6.34,1.14,1.38,1.25,,,,,,,38.0,33.0,36.0,,,,,,,,,,,,,,
1761552000.0,2025-10-27 08:00:00,2025-10-27 13:30:00,31.71,35.08,,,398.58,0.95,9.88,50.34,7.75,0.84,52.19965517241379,35.08,52.0,Satisfactory,13.0,27.0,0.0,10.0,27.256666666666664,30.96666666666665,408.75666666666666,0.95,9.570000000000006,44.63333333333335,6.886666666666664,0.973333333333333,,,29.008333333333336,33.07375,468.2208333333333,0.3799999999999999,12.470833333333331,25.339166666666667,3.849166666666666,1.2125,,,27.03,20.79,21.29,30.68,25.1,24.59,404.6,436.78,375.12,0.95,0.95,0.43,9.04,10.56,12.39,46.5,28.07,33.21,6.86,4.93,6.0,0.94,1.32,1.35,,,,,,,45.0,35.0,35.0,,,,,,,,,,,,,,
1761555600.0,2025-10-27 09:00:00,2025-10-27 14:30:00,35.32,38.37,,,389.33,0.95,11.17,52.44,9.11,0.72,58.29931034482759,38.37,58.0,Satisfactory,14.0,27.0,0.0,10.0,31.353333333333328,34.70999999999999,397.5033333333333,0.95,10.030000000000005,49.76000000000001,7.906666666666664,0.8333333333333331,,,29.556249999999995,33.62125,468.2733333333333,0.3895833333333332,12.424583333333333,26.157916666666665,3.99,1.1891666666666667,,,31.71,23.03,22.17,35.08,27.14,25.23,398.58,423.09,388.07,0.95,0.95,0.72,9.88,9.79,12.28,50.34,37.06,32.79,7.75,6.05,5.73,0.84,1.14,1.28,,,,,,,52.0,38.0,37.0,,,,,,,,,,,,,,
1761559200.0,2025-10-27 10:00:00,2025-10-27 15:30:00,34.74,37.37,,,345.36,0.73,12.69,56.79,11.97,0.59,57.31931034482759,37.37,57.0,Satisfactory,15.0,27.0,0.0,10.0,33.923333333333325,36.93999999999999,377.75666666666666,0.8766666666666668,11.24666666666667,53.190000000000005,9.609999999999998,0.7166666666666665,,,29.98625,34.037083333333335,465.80958333333336,0.3804166666666666,12.49,27.06875,4.267083333333334,1.165,,,35.32,27.03,24.42,38.37,30.68,27.39,389.33,404.6,404.49,0.95,0.95,0.95,11.17,9.04,11.12,52.44,46.5,34.93,9.11,6.86,5.32,0.72,0.94,1.17,,,,,,,58.0,45.0,41.0,,,,,,,,,,,,,,
1761562800.0,2025-10-27 11:00:00,2025-10-27 16:30:00,32.09,34.56,,,323.45,0.35,13.18,56.36,11.75,0.6,52.84172413793104,34.56,53.0,Satisfactory,16.0,27.0,0.0,10.0,34.04999999999999,36.76666666666666,352.71333333333337,0.6766666666666667,12.346666666666671,55.196666666666665,10.94333333333333,0.6366666666666666,,,30.1875,34.20583333333333,461.15125,0.3558333333333333,12.470833333333331,28.09083333333333,4.55,1.1375,,,34.74,31.71,27.26,37.37,35.08,30.51,345.36,398.58,435.25,0.73,0.95,0.94,12.69,9.88,13.64,56.79,50.34,31.83,11.97,7.75,4.96,0.59,0.84,1.26,,,,,,,57.0,52.0,45.0,,,,,,,,,,,,,,
1761566400.0,2025-10-27 12:00:00,2025-10-27 17:30:00,26.74,29.03,,,310.33,0.09,14.12,48.92,10.37,0.62,44.56666666666666,29.03,45.0,Good,17.0,27.0,0.0,10.0,31.19,33.65333333333333,326.38,0.3900000000000001,13.330000000000004,54.02333333333334,11.36333333333333,0.6033333333333332,,,30.080416666666668,34.04583333333333,454.5641666666666,0.3475,12.347499999999998,28.99625,4.783333333333333,1.1033333333333333,,,32.09,35.32,29.31,34.56,38.37,32.87,323.45,389.33,468.42,0.35,0.95,0.29,13.18,11.17,17.08,56.36,52.44,27.19,11.75,9.11,4.77,0.6,0.72,1.44,,,,,,,53.0,58.0,49.0,,,,,,,,,,,,,,
1761570000.0,2025-10-27 13:00:00,2025-10-27 18:30:00,20.65,22.86,,,301.05,0.0,14.46,38.85,8.17,0.66,34.416666666666664,22.86,34.0,Good,18.0,27.0,0.0,10.0,26.49333333333333,28.816666666666663,311.61,0.1466666666666668,13.920000000000003,48.043333333333344,10.096666666666664,0.6266666666666665,,,29.639166666666668,33.51875,446.1275,0.3445833333333333,12.122916666666669,29.6675,4.949583333333333,1.0591666666666668,,,26.74,34.74,31.24,29.03,37.37,35.51,310.33,345.36,503.53,0.09,0.73,0.07,14.12,12.69,19.85,48.92,56.79,22.74,10.37,11.97,4.18,0.62,0.59,1.72,,,,,,,45.0,57.0,51.0,,,,,,,,,,,,,,
1761573600.0,2025-10-27 14:00:00,2025-10-27 19:30:00,16.11,18.6,,,298.54,0.0,14.48,30.62,6.34,0.81,26.85,18.6,27.0,Good,19.0,27.0,0.0,10.0,21.16666666666666,23.49666666666666,303.3066666666667,0.0300000000000001,14.35333333333334,39.46333333333334,8.293333333333331,0.6966666666666664,,,28.91416666666667,32.67583333333334,436.2891666666666,0.3420833333333333,11.877916666666666,30.11875,5.0675,1.0170833333333331,,,20.65,32.09,33.51,22.86,34.56,38.83,301.05,323.45,534.66,0.0,0.35,0.06,14.46,13.18,20.36,38.85,56.36,19.79,8.17,11.75,3.51,0.66,0.6,1.82,,,,,,,34.0,53.0,55.0,,,,,,,,,,,,,,
1761577200.0,2025-10-27 15:00:00,2025-10-27 20:30:00,12.9,15.74,,,296.26,0.0,14.32,25.12,5.66,0.93,21.5,15.74,22.0,Good,20.0,27.0,0.0,10.0,16.55333333333333,19.06666666666666,298.6166666666667,0.0,14.420000000000009,31.53000000000001,6.723333333333332,0.7999999999999998,,,27.968333333333334,31.595416666666665,425.5941666666667,0.3404166666666666,11.669166666666667,30.3925,5.175416666666666,0.9816666666666666,,,16.11,26.74,35.6,18.6,29.03,41.67,298.54,310.33,552.94,0.0,0.09,0.04,14.48,14.12,19.33,30.62,48.92,18.55,6.34,10.37,3.07,0.81,0.62,1.78,,,,,,,27.0,45.0,59.0,,,,,,,,,,,,,,
1761580800.0,2025-10-27 16:00:00,2025-10-27 21:30:00,10.85,13.79,,,288.83,0.01,13.92,22.0,5.58,0.92,18.08333333333333,13.79,18.0,Good,21.0,27.0,0.0,10.0,13.286666666666662,16.043333333333326,294.5433333333333,0.0033333333333334,14.240000000000004,25.913333333333338,5.859999999999997,0.8866666666666666,,,26.875,30.355,414.5895833333333,0.3391666666666666,11.51625,30.54833333333333,5.295833333333333,0.9508333333333332,,,12.9,20.65,37.09,15.74,22.86,43.56,296.26,301.05,552.94,0.0,0.0,0.04,14.32,14.46,17.59,25.12,38.85,18.26,5.66,8.17,2.69,0.93,0.66,1.66,,,,,,,22.0,34.0,61.0,,,,,,,,,,,,,,
1761584400.0,2025-10-27 17:00:00,2025-10-27 22:30:00,9.74,12.56,,,281.17,0.01,13.56,20.38,5.45,0.89,16.233333333333334,12.56,16.0,Good,22.0,27.0,0.0,10.0,11.163333333333329,14.029999999999992,288.75333333333333,0.0066666666666668,13.933333333333335,22.500000000000004,5.563333333333332,0.9133333333333332,,,25.69375,29.01291666666667,403.2658333333333,0.3383333333333333,11.414583333333333,30.637083333333333,5.423750000000001,0.9241666666666668,,,10.85,16.11,38.09,13.79,18.6,44.77,288.83,298.54,552.94,0.01,0.0,0.03,13.92,14.48,16.0,22.0,30.62,18.25,5.58,6.34,2.38,0.92,0.81,1.53,,,,,,,18.0,27.0,63.0,,,,,,,,,,,,,,
1761588000.0,2025-10-27 18:00:00,2025-10-27 23:30:00,9.09,11.59,,,269.19,0.01,13.26,19.57,5.39,0.78,15.15,11.59,15.0,Good,23.0,27.0,0.0,10.0,9.893333333333327,12.64666666666666,279.73,0.01,13.580000000000004,20.65000000000001,5.473333333333332,0.8633333333333333,,,24.481250000000003,27.633750000000003,391.4429166666666,0.3379166666666666,11.355833333333331,30.68583333333333,5.56125,0.8995833333333333,,,9.74,12.9,38.19,12.56,15.74,44.69,281.17,296.26,552.94,0.01,0.0,0.02,13.56,14.32,14.67,20.38,25.12,18.4,5.45,5.66,2.09,0.89,0.93,1.37,,,,,,,16.0,22.0,63.0,,,,,,,,,,,,,,
1761591600.0,2025-10-27 19:00:00,2025-10-28 00:30:00,8.65,10.51,,,254.34,0.01,12.71,19.17,5.55,0.6,14.416666666666668,10.51,14.0,Good,0.0,28.0,1.0,10.0,9.159999999999997,11.553333333333326,268.2333333333333,0.01,13.176666666666671,19.70666666666668,5.463333333333331,0.7566666666666665,,,23.29416666666667,26.29041666666667,379.5291666666667,0.3379166666666666,11.332083333333337,30.71291666666667,5.709583333333334,0.8754166666666667,,,9.09,10.85,37.14,11.59,13.79,42.75,269.19,288.83,540.27,0.01,0.01,0.01,13.26,13.92,13.28,19.57,22.0,18.52,5.39,5.58,1.99,0.78,0.92,1.18,,,,,,,15.0,18.0,61.0,,,,,,,,,,,,,,
1761595200.0,2025-10-27 20:00:00,2025-10-28 01:30:00,8.35,9.75,,,245.26,0.0,11.86,18.43,5.14,0.52,13.916666666666666,9.75,14.0,Good,1.0,28.0,1.0,10.0,8.696666666666664,10.61666666666666,256.2633333333333,0.0066666666666668,12.610000000000005,19.056666666666672,5.359999999999997,0.6333333333333332,,,22.146666666666672,25.00208333333333,367.84125,0.3374999999999999,11.330833333333333,30.7175,5.840833333333333,0.8525,,,8.65,9.74,35.89,10.51,12.56,40.67,254.34,281.17,525.77,0.01,0.01,0.01,12.71,13.56,11.89,19.17,20.38,18.32,5.55,5.45,1.99,0.6,0.89,1.07,,,,,,,14.0,16.0,59.0,,,,,,,,,,,,,,
1761598800.0,2025-10-27 21:00:00,2025-10-28 02:30:00,8.03,9.2,,,240.74,0.0,10.9,17.47,4.49,0.52,13.383333333333333,9.2,13.0,Good,2.0,28.0,1.0,10.0,8.343333333333328,9.819999999999991,246.78,0.0033333333333334,11.823333333333338,18.35666666666667,5.059999999999998,0.5466666666666665,,,21.04958333333333,23.78125,356.64708333333334,0.3370833333333333,11.347083333333336,30.669166666666666,5.94625,0.8320833333333333,,,8.35,9.09,34.36,9.75,11.59,38.5,245.26,269.19,509.4,0.0,0.01,0.01,11.86,13.26,10.51,18.43,19.57,18.63,5.14,5.39,1.96,0.52,0.78,1.01,,,,,,,14.0,15.0,57.0,,,,,,,,,,,,,,
1761602400.0,2025-10-27 22:00:00,2025-10-28 03:30:00,7.79,8.9,,,239.65,0.01,10.03,16.42,3.7,0.57,12.983333333333334,8.9,13.0,Good,3.0,28.0,1.0,10.0,8.056666666666661,9.283333333333326,241.88333333333333,0.0033333333333334,10.930000000000003,17.44,4.443333333333331,0.5366666666666665,,,20.031666666666663,22.6725,346.1441666666667,0.3370833333333333,11.375833333333333,30.54875,5.997916666666666,0.8175,,,8.03,8.65,32.22,9.2,10.51,35.51,240.74,254.34,491.72,0.0,0.01,0.01,10.9,12.71,9.34,17.47,19.17,19.31,4.49,5.55,2.46,0.52,0.6,0.92,,,,,,,13.0,14.0,53.0,,,,,,,,,,,,,,
1761606000.0,2025-10-27 23:00:00,2025-10-28 04:30:00,7.64,8.81,,,239.78,0.01,9.36,15.45,3.17,0.61,12.733333333333333,8.81,13.0,Good,4.0,28.0,1.0,10.0,7.819999999999996,8.969999999999994,240.05666666666664,0.0066666666666668,10.096666666666671,16.446666666666673,3.786666666666664,0.5666666666666664,,,19.124166666666667,21.70875,336.58166666666665,0.3370833333333333,11.41625,30.351666666666663,6.012083333333334,0.8091666666666666,,,7.79,8.35,29.42,8.9,9.75,31.94,239.65,245.26,469.28,0.01,0.0,0.01,10.03,11.86,8.39,16.42,18.43,20.18,3.7,5.14,2.83,0.57,0.52,0.81,,,,,,,13.0,14.0,49.0,,,,,,,,,,,,,,
1761609600.0,2025-10-28 00:00:00,2025-10-28 05:30:00,7.64,8.9,,,239.92,0.02,9.02,14.58,3.0,0.65,12.733333333333333,8.9,13.0,Good,5.0,28.0,1.0,10.0,7.689999999999995,8.869999999999992,239.7833333333333,0.0133333333333334,9.470000000000004,15.48333333333334,3.289999999999998,0.6099999999999998,,,18.354166666666668,20.905833333333334,328.24916666666667,0.3374999999999999,11.466666666666669,30.08,6.015000000000001,0.8058333333333333,,,7.64,8.03,26.12,8.81,9.2,28.17,239.78,240.74,439.9,0.01,0.0,0.01,9.3,,,,,,,,,,,,,,,,,,,,,,,,,,,,,,,,,,
,,,,,,,,,,,,,,,,,,,,,,,,,,,,,,,,,,,,,,,,,,,,,,,,,,,,,,,,,,,,,,,,,,,,,,,,,,,,,2026-05-18 09:47:34.517317,58.0,31.0,8.0,5.2,13.6,2.0,10.0,33.4,65.0,76.0
,,,,,,,,,,,,,,,,,,,,,,,,,,,,,,,,,,,,,,,,,,,,,,,,,,,,,,,,,,,,,,,,,,,,,,,,,,,,,2026-05-18 09:48:34.314872,58.0,31.0,8.0,5.2,13.6,2.0,10.0,33.4,65.0,76.0
,,,,,,,,,,,,,,,,,,,,,,,,,,,,,,,,,,,,,,,,,,,,,,,,,,,,,,,,,,,,,,,,,,,,,,,,,,,,,2026-05-18 09:49:33.330310,58.0,31.0,8.0,5.2,13.6,2.0,10.0,33.4,65.0,76.0
,,,,,,,,,,,,,,,,,,,,,,,,,,,,,,,,,,,,,,,,,,,,,,,,,,,,,,,,,,,,,,,,,,,,,,,,,,,,,2026-05-18 09:49:41.412432,58.0,31.0,8.0,5.2,13.6,2.0,10.0,33.4,65.0,76.0
,,,,,,,,,,,,,,,,,,,,,,,,,,,,,,,,,,,,,,,,,,,,,,,,,,,,,,,,,,,,,,,,,,,,,,,,,,,,,2026-05-18 09:49:45.119566,58.0,31.0,8.0,5.2,13.6,2.0,10.0,33.4,65.0,76.0
,,,,,,,,,,,,,,,,,,,,,,,,,,,,,,,,,,,,,,,,,,,,,,,,,,,,,,,,,,,,,,,,,,,,,,,,,,,,,2026-05-18 09:49:45.676797,58.0,31.0,8.0,5.2,13.6,2.0,10.0,33.4,65.0,76.0
,,,,,,,,,,,,,,,,,,,,,,,,,,,,,,,,,,,,,,,,,,,,,,,,,,,,,,,,,,,,,,,,,,,,,,,,,,,,,2026-05-18 09:49:47.992428,58.0,31.0,8.0,5.2,13.6,2.0,10.0,33.4,65.0,76.0
,,,,,,,,,,,,,,,,,,,,,,,,,,,,,,,,,,,,,,,,,,,,,,,,,,,,,,,,,,,,,,,,,,,,,,,,,,,,,2026-05-18 09:50:33.067331,58.0,31.0,8.0,5.2,13.6,2.0,10.0,33.4,65.0,76.0
,,,,,,,,,,,,,,,,,,,,,,,,,,,,,,,,,,,,,,,,,,,,,,,,,,,,,,,,,,,,,,,,,,,,,,,,,,,,,2026-05-18 09:50:42.460520,58.0,31.0,8.0,5.2,13.6,2.0,10.0,33.4,65.0,76.0
,,,,,,,,,,,,,,,,,,,,,,,,,,,,,,,,,,,,,,,,,,,,,,,,,,,,,,,,,,,,,,,,,,,,,,,,,,,,,2026-05-18 09:50:46.309694,58.0,31.0,8.0,5.2,13.6,2.0,10.0,33.4,65.0,76.0
,,,,,,,,,,,,,,,,,,,,,,,,,,,,,,,,,,,,,,,,,,,,,,,,,,,,,,,,,,,,,,,,,,,,,,,,,,,,,2026-05-18 09:50:47.280002,58.0,31.0,8.0,5.2,13.6,2.0,10.0,33.4,65.0,76.0
,,,,,,,,,,,,,,,,,,,,,,,,,,,,,,,,,,,,,,,,,,,,,,,,,,,,,,,,,,,,,,,,,,,,,,,,,,,,,2026-05-18 09:50:47.620675,58.0,31.0,8.0,5.2,13.6,2.0,10.0,33.4,65.0,76.0
